,Sex,Age,poa_1,poa_2,poa_3,poa_4,coa_1,coa_2,coa_3,coa_4,eoa_1,eoa_2,eoa_3,ioa_1,ioa_2,ioa_3,ioa_4,oac_1,oac_2,oac_3,oac_4
0,female,30,2,2,2,2,3,1,1,1,4,2,2,7,7,7,7,7,7,7,7
1,male,35,3,4,3,3,3,3,3,3,6,6,6,6,6,6,6,6,6,6,6
2,male,41,4,6,3,3,3,3,3,3,5,5,5,3,5,5,5,4,3,3,5
3,male,38,1,1,1,1,1,1,1,1,4,4,4,7,7,5,7,7,7,7,7
4,female,42,1,1,1,1,1,1,1,2,1,1,2,7,7,5,7,7,7,7,7
5,female,31,1,1,1,1,2,3,3,1,3,2,2,7,7,6,7,6,7,6,6
6,male,51,3,3,2,2,3,3,3,3,5,5,5,5,5,5,5,4,5,4,5
7,male,71,2,2,2,2,4,4,4,4,5,5,4,6,6,6,6,6,6,6,6
8,female,28,1,1,1,1,2,2,2,1,4,1,4,7,7,1,7,7,7,7,7
9,female,45,4,5,4,5,5,4,5,5,5,5,5,6,6,6,7,4,5,5,5
10,male,40,2,2,1,2,2,1,1,1,5,2,4,7,7,7,7,2,3,1,1
11,male,47,3,7,2,1,3,7,3,3,7,1,7,7,7,7,7,7,7,7,7
12,male,46,2,3,2,2,5,5,4,3,7,4,5,6,6,6,7,3,3,4,3
13,female,44,1,1,2,1,2,2,2,2,5,3,6,4,4,3,5,4,4,4,4
14,male,56,2,2,2,2,4,4,4,4,5,4,4,4,5,4,5,5,6,6,5
15,male,42,1,1,1,1,1,1,1,1,4,4,4,7,7,7,7,7,7,7,7
16,female,23,2,2,1,1,3,2,2,3,2,1,1,5,6,5,6,5,5,6,5
17,male,44,3,3,3,2,3,3,3,3,3,3,5,5,5,4,5,5,5,5,5
18,male,31,3,3,3,2,4,3,3,3,5,4,4,5,5,4,6,5,5,4,5
19,male,50,1,1,1,1,2,4,4,3,4,3,2,1,1,1,1,6,6,7,7
20,female,38,3,4,3,1,4,4,4,3,4,3,4,6,6,6,6,6,5,7,6
21,male,40,1,1,1,1,2,2,2,2,3,3,3,6,6,6,6,7,7,7,7
22,male,46,4,4,3,4,4,3,1,2,4,3,4,6,6,6,6,7,7,7,7
23,female,37,2,2,1,1,3,3,3,3,4,1,4,5,5,6,6,7,7,7,7
24,male,51,5,5,4,5,5,6,5,5,5,5,5,5,5,5,5,4,5,5,4
25,female,20,7,7,7,7,3,1,1,1,2,2,2,7,7,7,7,7,7,7,7
26,male,54,4,5,5,4,5,4,4,4,5,4,5,4,4,4,6,6,7,7,6
27,female,40,1,1,1,1,4,4,4,3,6,4,4,4,5,3,5,6,7,3,4
28,male,22,1,1,1,1,4,1,1,1,4,4,6,7,7,5,7,7,6,6,6
29,female,26,2,2,1,2,2,1,1,2,2,3,5,7,7,2,7,7,7,7,7
30,female,35,1,1,1,1,3,2,2,2,4,1,1,7,7,4,7,7,7,7,7
31,female,21,3,1,2,1,5,1,1,1,4,1,5,7,7,7,7,7,7,7,7
32,male,40,1,1,1,1,3,2,2,3,4,1,1,6,6,4,4,7,7,7,7
33,female,62,2,2,1,2,5,4,4,3,6,2,3,7,7,7,7,2,2,3,3
34,female,54,1,1,1,1,3,2,2,4,4,1,6,7,7,7,7,7,7,7,7
35,male,54,4,4,4,4,6,6,6,6,7,7,7,5,5,5,5,7,6,7,7
36,female,44,2,2,1,1,2,5,3,3,5,3,4,7,5,5,6,6,7,7,7
37,male,50,1,1,2,2,4,3,3,3,4,3,4,5,5,5,5,6,6,6,6
38,male,30,3,2,2,2,5,4,4,4,4,4,5,5,6,7,7,6,7,7,7
39,female,17,2,3,2,2,5,3,2,2,3,2,4,6,6,5,5,6,6,7,6
40,female,26,1,1,1,1,1,1,1,1,6,4,5,5,5,5,6,7,7,6,6
41,female,43,2,2,1,1,4,2,2,2,4,2,4,7,7,7,7,7,7,7,7
42,female,47,1,1,1,1,5,4,4,4,2,3,5,7,7,4,4,7,6,6,7
43,male,49,4,4,6,4,6,4,4,4,4,4,4,4,5,5,5,4,4,4,4
44,female,37,2,2,2,1,5,4,4,2,4,4,3,7,7,6,4,7,6,6,6
45,male,43,5,4,4,4,6,5,4,5,6,4,5,6,5,5,6,5,6,5,5
46,male,37,1,1,1,1,2,2,2,2,2,1,1,7,7,7,7,7,7,7,7
47,male,53,1,2,1,4,1,1,2,2,7,2,4,7,6,6,7,7,6,7,7
48,male,37,3,3,2,2,4,5,4,4,5,4,5,2,2,2,2,5,5,5,6
49,female,39,2,2,1,1,6,2,4,3,4,2,6,6,7,6,7,7,7,7,7
50,female,25,1,3,2,2,5,3,2,2,5,4,5,6,6,3,6,6,6,6,6
51,male,47,2,2,2,1,1,2,1,1,6,2,3,6,5,6,7,7,7,7,7
52,female,20,1,1,1,1,5,2,2,2,4,4,6,7,2,6,6,6,6,7,6
53,female,29,3,1,1,1,3,4,4,4,6,5,5,6,6,6,6,6,6,6,6
54,female,71,1,1,1,1,6,4,3,2,4,2,2,6,6,6,6,7,7,7,6
55,male,33,2,1,1,1,6,4,4,4,4,2,4,2,2,1,2,2,3,5,3
56,male,62,2,1,1,1,4,2,3,3,4,2,2,6,6,4,4,6,6,4,4
57,female,50,4,2,3,3,4,4,4,4,6,4,5,7,6,5,7,6,7,7,7
58,male,35,1,1,1,1,1,1,1,1,4,1,1,7,7,5,7,7,7,7,7
59,female,46,1,1,1,1,2,2,1,1,2,1,1,7,7,7,7,7,7,7,7
60,female,31,2,3,2,2,2,3,3,3,5,3,4,6,6,6,6,7,6,7,7
61,male,38,2,2,2,2,4,6,2,4,4,4,4,7,7,7,5,7,7,7,7
62,female,28,2,1,2,2,4,3,3,3,4,3,5,5,7,4,7,5,6,7,6
63,male,39,1,1,1,1,7,3,2,2,1,1,1,7,7,7,7,1,1,1,1
64,female,19,2,1,1,1,2,2,3,2,7,4,4,7,7,4,7,7,7,7,6
65,male,34,1,2,1,1,2,2,2,2,2,1,1,6,5,4,5,7,7,6,7
66,male,45,4,2,2,1,1,3,3,3,1,1,1,6,5,4,6,7,7,7,7
67,female,61,4,1,4,2,3,2,3,3,5,4,7,5,5,2,2,4,3,5,4
68,female,60,1,1,1,1,4,3,4,1,5,1,1,7,7,6,6,7,7,7,7
69,male,27,1,1,1,1,3,3,3,3,4,2,3,5,7,7,7,7,7,7,6
70,male,63,4,2,2,1,4,3,4,3,5,4,4,7,6,6,6,6,5,6,6
71,female,60,5,3,4,6,4,3,3,4,2,1,4,7,7,6,6,4,4,4,4
72,male,72,4,4,3,3,5,3,3,4,5,5,5,5,5,5,5,5,3,4,5
73,male,48,2,1,2,1,2,2,2,2,4,3,3,7,7,2,6,7,7,6,7
74,male,56,2,1,1,1,4,4,4,4,4,4,4,7,7,7,7,7,6,6,6
75,female,33,3,2,2,2,6,4,4,5,5,2,4,6,6,6,5,6,6,6,6
76,female,33,3,3,1,2,5,4,3,4,4,3,4,4,4,4,4,6,6,6,6
77,female,19,4,3,3,2,4,3,4,4,4,3,4,5,5,4,5,6,6,6,6
78,male,43,1,1,1,1,5,2,2,2,4,1,4,6,7,7,7,7,7,7,7
79,male,64,1,1,1,4,2,4,1,1,5,2,2,6,6,5,6,6,6,7,6
80,male,67,4,3,2,2,6,5,4,4,7,6,6,2,2,1,1,3,5,3,2
81,female,63,3,3,2,2,2,2,2,2,4,2,4,5,4,4,5,6,6,4,5
82,female,46,1,1,1,1,7,5,6,5,4,1,7,7,7,7,7,7,7,7,7
83,female,28,2,2,1,1,5,5,4,4,5,3,4,6,6,5,6,7,6,7,7
84,female,52,2,1,1,1,2,2,2,2,5,1,1,7,7,7,7,7,6,7,7
85,female,46,1,1,1,1,4,2,2,1,3,1,1,6,7,2,7,7,7,7,7
86,female,29,3,3,4,3,6,4,4,5,4,4,4,5,5,5,5,6,6,5,6
87,female,50,3,3,3,3,3,3,3,3,4,4,5,5,6,6,6,6,6,6,6
88,female,51,3,4,4,5,5,3,3,3,6,4,5,6,5,4,4,3,4,4,5
89,female,33,1,1,1,1,3,1,1,1,4,3,5,7,7,5,7,7,7,7,7
90,male,22,4,5,1,2,4,2,2,2,5,4,5,6,6,2,6,6,6,6,6
91,female,26,3,5,4,4,2,3,3,3,6,3,5,7,7,6,6,1,2,2,1
92,male,41,2,1,1,1,5,3,3,3,4,4,2,7,6,5,6,6,6,6,6
93,male,34,2,7,2,2,6,4,3,2,6,6,6,4,5,5,5,7,2,7,7
94,male,45,5,5,5,5,5,6,5,5,5,4,5,5,5,4,4,4,4,5,5
95,male,61,2,2,2,1,4,4,4,4,2,2,4,5,5,5,5,6,6,6,6
96,male,25,3,3,2,2,4,4,4,4,4,4,4,6,6,5,6,5,5,6,4
97,male,35,2,1,1,1,3,3,3,2,4,3,2,7,6,5,5,6,3,5,4
98,female,51,2,2,2,2,3,3,3,3,5,2,4,6,6,6,6,7,7,7,7
99,male,28,2,1,1,2,1,3,2,2,2,2,5,6,5,5,5,7,6,7,7
100,female,37,1,1,1,1,5,3,3,3,6,6,4,6,6,6,6,7,7,7,7
101,male,41,2,1,1,1,1,3,2,2,6,1,6,7,6,5,6,1,1,1,1
102,male,37,1,1,1,1,1,1,1,1,1,1,1,7,7,7,7,1,1,1,1
103,male,52,2,1,3,1,6,5,4,4,6,5,6,6,6,3,6,6,6,6,6
104,female,24,1,2,1,2,5,2,1,3,5,4,4,6,6,6,6,7,6,7,7
105,female,55,3,4,3,3,4,4,2,2,4,6,6,7,7,7,7,1,2,1,1
106,male,33,1,1,2,3,5,3,4,3,3,3,4,5,5,4,4,6,7,7,6
107,male,70,5,5,6,6,5,5,5,5,4,4,5,5,5,4,4,5,5,3,3
108,male,46,2,1,2,2,5,2,2,1,2,1,5,6,7,6,6,7,6,7,7
109,male,64,1,1,1,1,3,2,2,1,5,4,5,6,5,4,5,6,7,6,7
110,female,39,1,1,1,1,3,3,4,4,4,2,4,6,5,6,6,6,7,7,7
111,female,44,5,4,3,2,4,3,3,3,3,4,5,6,6,5,6,6,6,6,7
112,female,46,7,1,1,1,3,4,2,2,4,2,4,7,7,7,7,7,7,7,7
113,male,48,2,2,2,2,1,1,1,1,5,4,5,7,7,7,7,7,7,7,7
114,male,29,1,1,1,3,1,4,4,2,4,1,5,6,7,4,7,7,7,7,7
115,female,40,5,4,3,4,4,5,5,5,5,4,4,6,4,3,3,5,5,5,6
116,male,42,2,2,1,2,3,3,3,3,5,4,6,6,6,5,6,7,6,7,7
117,male,40,3,2,2,1,4,2,2,4,6,4,4,5,5,6,6,6,7,7,7
118,female,55,6,5,4,3,5,4,4,4,6,5,6,6,6,4,6,7,7,7,7
119,male,52,1,1,1,1,2,2,1,2,2,2,2,6,6,6,6,7,7,7,7
120,male,46,1,1,1,1,1,1,1,1,2,1,1,6,6,4,6,6,4,6,6
121,male,51,4,1,1,1,2,2,2,2,4,1,2,6,7,7,7,7,7,7,7
122,female,48,2,1,1,1,4,4,4,4,5,4,5,6,6,5,6,7,7,7,7
123,male,64,1,1,1,1,2,3,3,2,6,2,6,6,7,7,7,6,6,7,6
124,female,48,1,1,1,1,4,4,1,1,4,3,1,7,7,1,7,6,6,7,7
125,female,50,4,4,2,2,4,3,3,3,4,4,4,7,7,6,5,6,6,6,6
126,male,69,1,1,1,1,1,1,1,1,4,1,1,7,7,7,7,7,7,7,7
127,male,60,4,1,1,1,1,7,7,7,4,1,4,7,7,5,7,7,4,7,7
128,female,68,1,1,1,1,1,2,2,1,4,1,1,7,7,7,7,7,7,7,7
129,male,59,2,3,2,4,5,5,5,4,6,5,6,6,6,6,6,6,6,6,6
130,male,22,3,5,2,1,5,4,3,2,4,3,4,6,6,4,5,7,7,6,7
131,female,24,4,5,2,2,3,2,2,2,6,3,4,6,6,2,6,6,5,6,6
132,female,33,1,1,1,1,2,2,2,2,4,2,2,7,7,4,4,7,7,7,7
133,female,23,2,2,2,1,3,3,2,2,6,5,5,6,6,5,7,6,6,7,6
134,male,40,2,2,1,1,4,4,4,4,4,3,5,6,6,5,6,7,7,7,7
135,male,28,1,2,1,1,1,7,1,1,2,1,1,7,7,7,7,7,7,7,7
136,male,45,3,3,3,3,5,5,5,6,4,4,5,5,3,3,3,6,7,6,6
137,male,45,1,2,4,2,4,2,2,2,4,2,3,6,4,4,6,6,6,7,6
138,male,64,1,1,1,1,1,1,1,1,1,1,1,7,7,7,7,7,7,7,7
139,male,70,2,2,2,4,4,4,4,4,4,2,4,4,4,4,4,6,6,6,6
140,male,71,1,1,1,1,2,4,4,4,4,4,4,7,7,7,7,7,7,7,7
141,female,25,1,1,1,1,4,2,2,2,1,1,1,7,7,6,7,7,7,7,7
142,female,54,2,2,2,2,4,3,3,2,3,3,3,6,6,4,6,5,5,6,7
143,female,37,1,1,1,1,3,3,3,3,4,1,5,2,2,2,2,6,5,5,5
144,male,43,1,1,1,1,2,3,2,2,2,1,2,7,7,6,7,7,7,7,7
145,female,41,2,2,1,1,4,4,1,1,5,4,4,7,7,7,7,7,7,7,7
146,male,41,1,1,1,1,3,1,3,1,1,1,4,7,7,3,7,7,7,6,7
147,male,39,3,2,1,4,2,2,2,2,3,2,4,5,4,4,5,7,7,6,7
148,female,60,2,2,2,2,3,2,2,2,4,4,4,5,5,3,5,7,5,7,7
149,male,65,4,2,1,2,2,2,1,2,4,2,2,6,6,6,6,6,6,7,6
150,male,51,1,2,2,1,3,3,3,2,4,4,5,4,6,5,6,7,7,7,7
151,male,51,2,1,1,1,2,1,1,1,6,5,4,6,5,6,6,6,6,7,6
152,male,63,1,7,1,1,6,2,2,2,1,1,1,6,5,7,7,7,7,7,7
153,female,26,2,3,2,1,5,3,3,3,5,3,5,6,6,6,6,6,6,6,5
154,male,61,2,4,2,3,6,4,4,2,2,2,6,6,5,6,5,6,6,6,6
155,female,23,1,1,1,1,3,2,4,4,5,1,2,7,5,4,6,7,6,7,7
156,female,59,1,1,1,1,6,4,2,2,4,1,1,7,7,7,7,7,6,7,7
157,female,51,3,3,3,3,3,3,3,3,5,4,6,7,7,7,7,6,6,6,6
158,female,44,1,1,4,1,3,1,1,2,5,4,2,6,6,2,7,7,7,7,7
159,female,56,1,1,1,2,3,4,3,1,2,2,2,7,7,6,7,7,6,7,7
160,male,41,2,2,2,1,5,4,4,3,4,2,4,6,6,6,6,6,6,6,6
161,male,55,3,4,3,3,5,5,5,5,7,7,7,5,5,5,5,6,6,5,6
162,female,61,1,1,1,1,2,1,1,1,1,1,1,7,7,7,7,7,7,7,7
163,male,46,4,1,2,2,4,4,4,4,1,1,1,6,6,5,5,6,6,6,6
164,female,40,2,2,2,2,3,2,2,2,4,3,5,6,6,6,6,6,6,6,6
165,male,24,1,2,1,2,6,3,3,1,3,1,4,7,5,6,7,7,5,6,7
166,male,44,2,4,2,2,4,5,4,4,4,4,3,7,7,7,7,7,7,7,7
167,male,19,1,2,1,1,3,2,2,5,2,2,5,6,6,3,7,7,7,7,7
168,male,63,3,3,2,2,4,4,4,4,4,4,4,6,6,6,6,5,5,5,5
169,male,66,2,2,2,2,3,3,3,3,5,2,5,6,6,6,6,7,7,7,7
170,male,40,2,2,2,2,3,4,3,3,5,4,4,6,6,6,6,5,5,5,5
171,female,31,1,1,1,1,2,3,2,1,2,1,2,7,7,3,7,7,5,7,5
172,female,44,1,1,1,1,4,2,4,4,5,4,4,6,5,2,2,1,1,1,1
173,female,43,2,2,1,1,5,3,2,2,4,2,5,7,7,6,7,7,7,7,7
174,male,35,4,6,4,5,2,4,4,3,6,6,6,5,5,3,5,1,2,2,2
175,male,43,2,2,3,2,3,3,3,3,5,3,4,5,6,5,6,5,6,6,6
176,male,55,2,2,1,1,4,4,4,3,1,1,4,6,7,7,7,7,7,6,7
177,male,28,1,1,1,1,2,1,2,1,4,2,1,6,7,5,7,7,7,7,7
178,male,45,3,4,2,2,5,3,3,3,2,2,5,7,7,7,7,7,6,6,7
179,male,31,4,4,1,1,6,4,4,4,6,4,6,6,6,5,4,2,1,2,1
180,male,37,1,1,1,1,1,1,1,1,2,1,1,6,7,1,7,7,7,7,7
181,male,66,4,2,3,3,6,6,4,4,5,4,5,4,3,4,4,5,6,6,6
182,male,47,2,3,2,2,4,5,3,3,3,2,4,5,5,2,4,6,6,6,6
183,female,54,1,1,1,1,1,1,1,1,2,1,1,7,7,7,7,7,7,7,7
184,male,49,2,1,1,1,3,1,1,1,4,1,6,7,6,4,6,6,7,6,6
185,male,64,4,4,3,1,4,4,4,4,4,4,4,7,7,4,7,7,7,7,7
186,female,47,5,3,3,2,4,4,4,4,4,4,4,7,7,7,7,7,7,7,7
187,female,25,3,6,1,1,7,4,4,4,5,2,5,7,7,7,7,7,7,7,7
188,male,45,5,5,5,2,6,6,6,6,6,5,6,5,5,4,6,5,6,5,4
189,male,35,1,1,1,4,3,3,3,1,3,4,2,7,7,7,7,7,7,7,7
190,female,42,2,5,2,2,2,2,2,2,5,1,3,4,4,1,6,6,6,6,6
191,male,40,1,2,1,1,5,4,3,3,5,4,5,6,5,3,6,1,1,1,1
192,female,49,2,1,1,1,5,3,2,2,5,1,1,7,7,7,7,7,7,7,7
193,female,37,1,2,1,1,3,3,2,1,4,5,6,6,6,6,6,7,6,7,7
194,male,63,5,1,1,2,1,1,1,1,1,1,1,7,7,7,7,7,7,7,7
195,male,19,2,2,3,1,3,2,1,1,7,6,5,6,5,2,5,5,6,6,4
196,female,50,1,1,1,1,4,4,1,1,4,1,6,7,7,7,7,7,6,7,6
197,male,38,2,1,1,1,5,4,3,3,5,3,5,5,4,5,5,5,3,5,6
198,male,29,2,2,3,5,4,4,4,4,2,3,5,5,3,5,6,6,3,6,5
199,female,57,1,1,1,1,3,5,2,2,4,1,4,7,7,6,7,7,7,6,7
200,female,44,3,5,3,5,6,4,4,3,6,4,4,7,7,4,7,6,7,6,6
201,male,21,2,1,1,1,4,3,4,4,7,4,6,6,7,7,6,6,6,7,7
202,male,21,4,5,4,3,5,3,3,4,6,4,5,6,5,6,6,5,6,5,4
203,female,23,1,1,1,1,1,1,1,1,4,4,4,7,7,7,7,7,7,7,7
204,male,48,1,1,1,1,1,1,1,1,3,1,1,7,5,5,5,6,5,6,5
205,female,25,2,2,1,1,3,3,3,2,5,4,4,4,4,1,4,4,4,4,4
206,female,40,2,1,2,2,2,2,2,2,4,2,2,7,6,1,1,6,6,6,6
207,male,51,1,1,1,1,1,1,1,1,1,1,1,7,7,7,7,7,7,7,7
208,female,24,1,1,1,1,5,2,1,1,5,1,5,7,7,7,7,7,7,7,7
209,female,21,2,1,1,1,4,3,3,3,5,3,5,7,7,5,7,7,7,7,7
210,female,37,1,2,1,1,2,2,2,2,4,4,4,7,7,2,7,6,6,6,6
211,female,23,3,5,1,1,5,3,2,1,5,3,4,5,5,6,6,6,6,6,6
212,female,27,2,2,1,2,4,2,3,1,4,4,4,6,6,4,6,7,7,7,7
213,male,29,1,1,1,1,2,2,2,2,5,1,2,6,7,7,7,7,7,7,7
214,female,30,3,3,3,3,5,4,4,4,4,3,4,6,6,5,5,7,7,7,6
215,female,29,2,1,3,2,5,5,5,5,2,2,3,3,3,3,3,6,6,6,6
216,male,42,3,5,1,2,4,4,4,4,6,2,4,7,7,5,7,6,6,6,6
217,male,69,2,1,1,1,3,2,2,1,6,5,6,5,5,3,2,3,2,2,2
218,male,25,2,1,1,1,1,2,4,4,4,2,6,4,6,6,6,7,7,6,7
219,female,41,1,1,1,1,4,4,2,2,1,1,1,7,7,7,7,7,7,7,7
220,male,39,1,1,1,2,3,1,1,1,4,1,4,5,3,4,6,7,7,6,6
221,female,39,5,5,2,5,3,3,3,3,5,5,7,6,6,6,6,5,7,6,6
222,female,38,2,2,2,1,2,3,2,2,5,2,3,6,6,5,6,6,7,7,7
223,male,42,1,1,1,1,5,3,3,2,5,2,2,7,6,6,6,6,7,6,6
224,male,60,2,3,2,1,2,3,3,3,3,1,4,5,5,4,5,6,6,6,6
225,male,58,5,2,2,2,4,3,4,5,6,5,5,6,6,6,6,7,7,7,7
226,male,23,1,1,1,1,2,2,1,1,2,1,4,7,7,4,7,4,5,4,4
227,male,55,2,2,2,2,3,2,3,3,3,2,3,7,7,7,7,7,7,7,7
228,male,43,2,1,1,1,2,2,3,4,4,2,4,6,6,6,6,7,6,7,7
229,female,44,3,3,3,3,4,4,5,4,5,6,5,6,6,6,6,6,6,6,6
230,male,48,2,2,2,3,3,3,2,2,5,2,5,6,5,5,5,7,7,7,7
231,female,27,4,5,4,2,6,2,4,3,6,4,5,5,7,4,5,5,6,7,5
232,female,35,1,1,1,1,3,2,2,3,6,2,5,6,5,2,6,6,5,6,5
233,female,55,1,1,1,1,3,4,3,3,4,2,3,2,2,2,2,6,6,6,6
234,female,43,3,1,1,2,4,4,4,4,4,4,6,1,1,1,1,6,6,6,6
235,female,48,1,1,2,1,3,4,4,3,5,4,5,5,5,5,6,7,7,6,6
236,female,25,5,5,2,2,5,2,3,2,5,4,5,6,6,6,6,7,7,7,7
237,male,28,1,5,1,1,5,2,2,2,1,1,1,7,7,3,6,7,7,7,7
238,male,21,3,1,2,1,4,3,4,3,5,3,4,7,6,4,6,6,6,6,6
239,male,26,4,1,4,3,1,2,2,2,5,4,3,6,6,5,6,6,5,6,6
240,female,35,1,1,1,1,3,3,2,2,4,1,4,5,5,5,5,6,6,6,6
241,male,35,2,2,2,2,5,4,4,4,6,5,5,6,6,4,7,6,5,5,5
242,male,44,2,2,2,3,3,2,2,2,5,4,5,4,4,5,5,6,6,5,5
243,female,40,3,3,2,2,2,2,2,1,6,4,6,7,6,6,5,4,6,5,6
244,male,48,2,1,1,1,5,6,6,4,2,1,1,6,1,1,1,6,7,6,5
245,male,28,4,5,5,5,5,3,1,1,5,4,4,4,4,4,4,6,7,6,5
246,male,63,2,1,1,1,5,5,3,3,2,2,5,6,6,6,6,7,7,7,7
247,female,41,1,1,1,4,4,3,3,3,4,1,4,6,6,6,6,7,7,6,7
248,female,35,1,1,1,1,7,1,1,1,4,1,1,7,7,7,7,1,1,1,1
249,male,29,3,3,3,3,3,2,3,3,5,5,4,5,4,5,4,5,5,5,5
250,male,15,2,1,1,2,6,5,2,1,7,6,6,6,7,4,7,2,2,2,2
251,female,50,4,2,4,4,5,2,2,2,5,4,5,5,6,5,6,5,5,6,4
252,female,59,1,1,1,1,6,4,4,4,1,1,5,7,5,5,5,7,7,7,7
253,female,33,2,4,2,4,3,3,3,3,4,2,2,6,5,4,6,6,6,7,7
254,male,43,1,1,1,1,1,1,1,1,2,1,1,7,7,6,6,7,7,7,7
255,male,29,2,2,1,2,4,3,3,3,2,2,2,5,6,3,6,6,7,6,6
256,male,59,3,2,2,1,4,2,2,2,4,2,5,5,4,3,4,4,4,5,4
257,male,42,1,1,3,2,4,4,4,4,5,4,6,6,6,6,6,4,7,5,5
258,female,50,4,5,1,1,1,1,1,1,4,1,1,4,6,6,6,5,6,6,6
259,female,56,4,2,2,4,4,4,3,3,4,2,4,7,7,7,7,6,6,6,6
260,female,18,2,2,1,1,1,1,2,1,6,4,5,6,6,6,6,7,6,6,7
261,female,27,1,1,1,1,4,3,3,3,3,3,4,6,6,7,6,7,7,7,7
262,male,47,2,1,2,1,2,1,2,1,6,4,4,6,6,5,6,6,5,6,5
263,male,43,3,1,1,1,5,4,4,3,2,2,2,5,5,5,6,5,4,4,4
264,female,49,1,1,1,1,3,1,1,1,4,2,1,7,7,7,7,7,4,7,7
265,female,52,4,1,1,1,1,3,4,2,4,2,4,7,7,7,7,6,6,6,4
266,male,56,4,2,2,3,5,4,4,4,5,4,4,5,3,4,6,6,5,5,5
267,female,38,2,2,2,2,4,4,4,4,4,4,4,5,5,5,5,6,6,6,6
268,female,17,2,2,2,2,4,2,2,2,5,5,5,5,6,6,6,6,6,6,6
269,male,60,1,2,1,1,1,2,2,2,1,1,1,7,6,6,6,6,7,7,7
270,male,19,1,2,1,1,4,3,3,3,4,3,3,6,6,5,7,6,6,6,5
271,male,60,2,1,2,2,5,5,3,4,5,1,7,2,2,2,2,4,4,6,5
272,female,64,1,2,1,4,5,4,2,2,4,4,3,7,7,7,7,7,7,7,7
273,male,45,2,2,2,1,5,2,3,2,4,2,4,6,6,6,6,7,7,7,7
274,female,37,1,1,1,1,2,1,2,2,5,4,5,7,7,6,7,7,7,7,7
275,male,55,1,1,1,1,3,3,2,1,1,1,3,7,7,7,7,7,7,7,7
276,male,40,3,2,3,2,5,4,4,4,5,3,5,5,4,4,4,4,4,6,5
277,male,36,3,5,4,4,4,1,2,1,5,3,3,7,7,7,7,6,5,4,4
278,male,66,3,4,4,4,6,6,6,6,5,4,4,1,1,1,4,3,3,4,4
279,male,48,3,4,3,4,5,5,5,5,6,4,4,6,5,4,5,6,5,6,5
280,female,38,2,2,1,2,4,4,4,3,3,1,4,5,6,1,7,7,7,7,7
281,female,32,1,1,1,1,3,3,3,3,4,1,4,7,7,7,7,7,7,7,7
282,female,58,3,2,2,4,5,2,2,2,2,2,3,6,6,5,6,5,6,6,6
283,female,33,2,1,1,1,1,1,1,1,4,1,3,7,7,4,7,7,7,7,7
284,male,62,1,1,1,1,4,4,4,4,5,4,4,5,5,5,5,7,6,7,7
285,male,46,2,1,2,3,3,6,6,5,7,5,6,6,2,2,5,7,7,6,6
286,female,18,2,7,2,2,4,4,4,3,5,4,4,6,7,6,6,6,6,6,6
287,male,16,1,5,1,5,5,3,1,1,4,2,4,5,5,5,5,6,6,7,7
288,male,29,2,2,2,2,3,3,3,4,3,3,4,5,5,5,6,6,6,5,5
289,male,50,4,4,4,4,4,4,4,4,4,3,3,4,4,5,4,4,4,5,4
290,male,47,1,1,1,1,1,1,1,1,1,1,5,7,7,7,7,7,7,7,7
291,female,45,1,1,1,1,1,4,4,4,1,1,1,7,7,2,7,7,7,7,7
292,female,19,2,4,3,3,3,2,1,1,5,3,5,5,6,6,5,6,6,6,6
293,female,49,2,1,1,2,2,2,2,2,5,1,2,7,7,4,7,6,7,7,7
294,male,20,1,2,1,1,2,1,2,3,5,3,4,6,5,2,6,5,3,6,7
295,male,69,4,4,3,4,5,3,4,3,5,4,5,5,6,5,6,6,5,6,6
296,male,50,3,3,3,3,6,3,2,2,4,6,6,5,4,2,2,6,6,6,6
297,male,66,1,1,1,1,1,1,4,4,2,1,1,7,7,7,7,7,7,7,7
298,female,15,2,4,1,1,5,6,4,4,7,3,6,2,5,7,2,3,6,3,2
299,male,42,7,1,1,1,6,1,1,1,1,1,1,7,7,7,7,1,1,1,1
300,male,54,2,2,1,2,1,1,1,1,2,1,1,7,7,7,7,6,6,6,6
301,male,54,1,1,2,1,4,4,4,3,5,4,5,5,5,5,5,7,7,6,6
302,female,31,2,1,2,2,5,3,3,3,5,4,4,7,7,5,7,6,7,6,6
303,female,36,1,1,1,1,4,2,1,1,4,1,1,7,6,6,4,7,7,7,7
304,female,44,2,3,4,2,5,4,4,4,6,4,5,6,6,4,6,7,7,7,7
305,female,45,2,2,2,5,6,5,4,4,6,4,4,3,6,2,6,6,7,7,7
306,male,38,1,1,1,1,4,2,2,2,5,3,3,5,6,5,5,7,7,7,7
307,female,36,2,2,1,1,3,2,3,3,4,2,2,7,7,7,7,6,6,6,6
308,female,24,2,2,2,1,2,3,3,3,6,2,6,5,2,2,3,2,2,2,2
309,female,19,3,2,2,2,4,4,4,4,4,2,2,6,6,6,6,6,6,6,6
310,male,33,6,1,1,1,1,4,4,4,3,1,1,7,7,5,5,6,5,6,6
311,male,25,2,2,2,2,5,3,2,3,5,4,5,6,6,6,6,6,6,6,6
312,male,43,3,5,3,3,5,3,3,3,4,4,5,6,6,6,6,6,6,6,6
313,male,47,2,5,2,2,2,3,2,2,4,1,5,4,6,5,5,6,7,6,6
314,female,45,2,1,2,2,4,4,4,4,3,1,2,7,7,5,7,6,6,7,7
315,male,47,2,2,2,3,5,5,4,4,2,2,2,4,5,2,5,6,6,6,5
316,female,25,1,1,1,1,4,4,4,4,4,1,1,7,7,7,7,7,7,6,7
317,male,54,2,1,2,1,2,3,3,2,5,3,5,6,7,5,7,7,7,7,7
318,male,71,2,2,1,1,2,2,2,2,4,3,3,6,6,4,6,6,5,6,5
319,male,43,2,1,2,1,2,1,2,2,5,2,4,5,2,3,5,5,7,6,7
320,female,58,1,4,2,4,4,2,4,3,1,1,1,5,5,5,5,7,7,6,7
321,male,50,2,2,2,1,3,5,5,3,4,2,5,7,7,2,7,6,7,6,5
322,male,42,2,2,1,1,5,5,5,5,5,4,4,7,7,7,7,6,6,6,6
323,male,27,2,2,1,1,1,1,1,1,4,1,4,6,7,7,7,7,7,7,7
324,female,49,1,1,1,1,4,4,4,4,4,1,4,7,7,1,7,7,7,5,4
325,female,48,3,3,2,2,5,3,2,2,2,2,2,6,5,6,5,6,6,6,6
326,female,37,3,4,2,1,4,3,3,4,4,4,4,6,6,2,6,6,6,6,5
327,female,65,4,4,4,3,7,6,6,6,6,6,6,4,2,4,4,4,4,4,4
328,female,53,3,4,4,3,3,4,4,4,3,2,2,5,5,5,4,4,4,5,5
329,female,32,3,3,2,3,5,3,3,3,4,3,4,5,5,5,5,6,6,7,7
330,female,19,1,4,1,1,4,2,2,2,4,4,4,5,5,5,6,6,7,6,6
331,female,46,1,1,1,1,4,4,3,3,7,4,5,6,5,5,6,6,6,6,5
332,male,52,2,4,2,4,4,3,3,2,2,1,5,6,5,7,6,6,7,5,6
333,female,71,1,1,1,1,4,4,4,4,4,4,4,5,5,4,4,6,6,6,6
334,male,27,3,4,2,1,6,2,2,2,6,4,5,5,5,3,4,7,7,6,7
335,female,47,3,3,4,4,5,2,3,3,5,5,6,7,7,6,6,7,6,6,6
336,female,59,4,5,4,4,6,4,4,5,4,4,5,5,6,6,6,7,6,5,5
337,female,59,7,2,1,7,5,2,2,2,1,1,7,7,7,7,7,7,7,7,7
338,male,27,2,5,2,1,5,5,4,4,5,2,5,5,3,3,2,6,6,6,6
339,female,43,1,1,1,1,2,1,1,1,1,1,2,7,7,7,7,1,1,1,1
340,male,39,2,1,2,1,3,2,2,2,2,1,2,6,5,5,5,6,6,5,6
341,female,17,4,3,4,5,6,4,4,4,4,5,4,5,5,2,4,5,6,4,4
342,male,18,4,4,3,3,2,3,3,3,3,2,4,6,6,6,6,7,6,6,6
343,male,38,1,1,1,1,3,3,3,3,1,1,1,3,6,4,6,6,6,6,6
344,male,54,2,1,1,1,3,3,3,3,2,1,2,5,5,4,6,5,6,6,6
345,female,40,1,1,1,1,4,2,2,2,4,2,4,6,6,6,6,7,7,7,7
346,male,72,4,2,2,4,4,4,4,4,3,2,4,5,5,5,5,7,6,4,4
347,female,41,2,1,2,2,4,3,3,3,4,3,3,5,5,5,5,6,6,6,6
348,male,54,2,2,2,2,2,2,2,2,4,3,3,6,6,6,6,6,6,6,6
349,female,20,3,4,3,3,5,2,2,2,4,3,5,4,4,4,4,6,7,5,4
350,male,59,2,2,2,7,4,2,2,2,3,2,1,5,2,2,6,5,6,5,4
351,male,35,1,1,1,1,4,3,2,2,4,1,2,7,7,6,6,2,2,2,2
352,male,44,1,1,1,1,5,2,1,1,6,2,4,6,6,6,6,6,7,5,7
353,male,40,2,1,1,1,2,2,1,1,6,4,3,6,7,5,5,5,7,5,5
354,female,63,4,4,4,4,5,4,5,4,6,6,5,5,5,4,5,5,5,5,5
355,female,52,5,5,4,3,6,5,3,3,5,2,5,5,3,2,5,7,6,5,7
356,female,52,3,3,4,1,1,1,1,1,4,1,4,7,7,4,3,4,5,4,4
357,female,63,2,1,2,1,1,1,1,1,3,1,5,6,6,6,6,6,6,6,7
358,male,53,2,1,1,1,3,2,2,3,4,2,2,6,5,5,5,6,7,7,6
359,female,37,2,2,2,2,3,2,2,2,4,2,3,6,6,6,6,6,6,6,6
360,female,49,5,5,4,3,4,6,5,4,4,4,5,5,4,3,3,4,4,4,4
361,female,58,2,1,1,1,5,5,4,3,6,2,4,7,7,2,6,7,7,7,7
362,male,27,2,3,2,3,4,3,3,2,6,4,4,6,6,5,5,6,6,5,6
363,male,44,4,3,2,2,3,3,3,3,6,5,5,5,5,5,5,6,6,6,5
364,female,24,4,3,3,3,3,3,3,3,5,3,4,5,5,5,5,6,6,6,6
365,male,19,2,1,1,1,2,2,2,2,4,1,2,7,7,7,7,6,7,6,7
366,female,17,4,3,2,3,5,6,4,3,5,4,5,6,5,2,6,6,4,6,6
367,female,29,4,4,4,4,3,3,3,3,4,4,4,6,5,6,6,6,6,6,6
368,female,57,2,1,2,2,1,2,1,1,3,3,2,7,6,4,5,5,4,6,6
369,female,25,1,1,1,1,2,1,1,2,4,1,4,1,1,1,1,1,1,3,4
370,male,52,2,1,2,1,2,4,4,4,4,1,1,7,7,7,7,6,6,6,6
371,male,33,1,1,1,1,1,2,2,2,2,1,2,7,7,7,7,7,7,7,7
372,male,69,1,2,1,1,5,4,3,3,3,2,4,5,1,1,5,6,7,6,7
373,male,50,1,1,1,1,5,4,4,5,5,4,5,6,5,4,5,6,7,6,7
374,male,49,2,2,2,2,6,5,4,3,5,4,6,6,6,4,6,7,7,7,7
375,female,34,3,1,1,3,3,2,2,2,3,1,5,7,7,4,4,6,5,7,7
376,male,42,1,1,1,1,4,3,4,4,4,1,5,7,6,4,4,6,6,4,5
377,male,70,1,2,2,7,3,3,2,3,4,7,5,4,5,5,5,7,6,7,7
378,female,72,7,7,7,7,7,6,5,3,5,7,7,7,7,6,6,7,5,6,6
379,male,38,2,2,2,2,6,2,2,2,4,2,4,6,6,6,6,7,6,6,6
380,female,49,3,2,2,2,4,3,3,3,5,3,3,7,7,6,7,7,6,7,7
381,female,18,5,6,4,5,6,2,2,4,7,5,6,7,7,6,7,4,5,7,6
382,male,48,1,1,1,1,1,1,1,1,2,1,1,7,6,4,7,7,7,7,7
383,female,39,4,1,3,2,2,4,3,3,6,5,4,5,5,5,5,6,6,6,5
384,male,57,1,1,1,1,1,1,1,1,2,1,1,7,7,7,7,7,7,7,7
385,male,35,4,5,2,3,5,2,4,3,6,4,6,6,5,5,6,5,6,6,6
386,male,61,2,3,2,1,5,5,5,4,6,4,4,6,6,5,7,7,7,7,7
387,female,42,3,3,4,3,5,4,4,4,4,3,5,6,6,6,6,6,6,7,6
388,male,51,2,1,1,1,2,2,2,1,1,1,2,7,6,6,4,7,6,7,7
389,male,56,1,1,1,1,4,3,3,3,4,4,4,6,6,4,5,7,6,7,7
390,male,36,3,2,2,2,3,2,2,2,6,2,3,4,4,5,5,7,7,7,7
391,male,60,4,2,3,4,3,2,2,1,6,4,4,4,5,2,3,4,5,4,4
392,male,35,2,2,2,2,5,4,5,4,4,4,3,6,6,5,6,6,6,6,6
393,female,20,1,1,1,1,2,1,1,1,1,1,5,6,7,7,7,7,7,7,7
394,male,58,4,4,4,3,4,6,5,4,4,4,4,5,4,3,4,5,6,4,4
395,male,35,3,1,1,1,2,6,4,4,4,4,6,5,5,5,5,4,6,4,4
396,male,38,3,3,2,2,4,4,4,4,4,4,4,5,5,4,5,5,5,5,5
397,female,26,5,3,3,3,3,3,3,2,5,3,3,6,6,5,6,6,6,6,6
398,female,60,1,1,1,1,5,3,3,3,1,1,2,7,7,7,7,2,2,2,2
399,male,47,2,1,2,2,1,2,2,2,2,1,5,6,6,5,7,1,1,2,1
400,male,54,2,2,2,1,2,4,2,2,4,2,3,6,6,6,6,6,5,5,6
401,male,25,2,2,2,2,4,4,3,3,5,4,4,4,4,4,5,3,3,3,3
402,female,42,2,2,2,2,2,2,2,2,2,2,2,7,7,4,7,6,6,6,6
403,female,53,4,2,2,2,6,4,4,4,6,4,6,6,6,6,6,6,6,6,7
404,female,31,1,1,1,1,1,2,2,2,4,1,1,7,7,7,7,1,1,1,1
405,male,52,2,1,1,1,3,4,4,3,4,2,6,5,5,4,5,6,5,7,7
406,male,61,2,1,1,1,1,2,2,2,2,1,2,6,6,4,6,6,7,6,6
407,male,54,2,2,2,3,4,3,3,3,6,5,6,5,6,5,6,5,6,5,5
408,male,51,4,4,5,5,5,4,3,4,4,4,3,5,6,5,5,5,3,4,4
409,female,51,4,2,4,3,4,4,5,5,4,4,5,7,7,6,6,5,5,6,6
410,male,76,2,4,2,4,3,3,2,1,3,2,2,3,2,1,1,6,7,6,6
411,female,62,1,1,1,1,1,4,2,1,4,1,6,7,7,6,7,7,4,7,7
412,female,65,1,1,1,1,5,2,2,2,5,3,5,7,7,7,7,7,7,7,7
413,male,49,5,4,2,2,4,3,3,4,6,4,5,5,5,4,5,6,6,6,6
414,male,48,2,1,1,1,2,2,2,1,4,2,2,7,7,6,7,7,7,7,7
415,female,47,1,1,1,1,7,2,4,3,4,2,3,7,7,7,7,6,6,6,6
416,female,46,2,2,2,1,4,4,4,4,4,3,4,5,6,6,6,6,6,6,6
417,female,25,5,6,3,4,5,2,2,3,6,6,6,6,5,5,6,7,7,6,6
418,female,23,3,1,2,1,4,4,4,4,5,3,6,6,7,4,7,6,6,6,7
419,female,18,1,2,1,1,2,3,2,2,4,2,1,6,7,1,6,6,7,6,7
420,male,26,1,1,1,1,1,2,2,2,2,1,1,7,7,7,7,7,7,7,7
421,male,65,1,1,1,1,1,1,1,1,1,1,1,7,7,7,7,7,7,7,7
422,male,49,3,3,2,2,3,3,2,2,6,3,3,6,6,6,6,6,6,6,6
423,female,49,1,1,1,1,1,1,1,1,1,1,3,7,7,7,7,7,6,7,7
424,female,59,1,1,1,1,1,1,1,1,1,1,1,7,7,7,7,7,7,7,7
425,male,45,1,1,1,1,5,4,3,2,7,6,5,6,6,6,6,7,7,7,6
426,male,46,1,2,2,1,1,4,1,1,5,1,3,7,7,7,7,6,7,7,7
427,male,36,2,1,1,1,6,5,4,3,4,2,3,5,2,2,7,7,6,7,4
428,female,36,1,1,1,1,4,4,4,4,1,1,1,7,7,6,7,7,7,7,7
429,female,72,1,1,1,2,4,4,4,4,6,6,6,6,6,6,4,4,6,6,7
430,male,65,3,2,4,2,2,2,2,2,5,4,5,6,5,4,6,4,5,5,5
431,male,58,2,2,2,4,6,5,5,5,5,4,5,5,5,6,6,6,6,6,7
432,male,54,2,2,1,2,3,3,3,2,4,3,3,6,6,6,6,7,7,7,7
433,male,37,2,2,2,2,5,4,4,4,4,4,4,6,6,6,6,6,7,6,6
434,female,57,3,1,1,1,1,1,1,1,6,4,5,5,6,6,6,7,7,7,7
435,female,16,3,4,1,2,7,4,4,4,5,4,4,5,5,2,6,6,4,5,4
436,male,60,2,1,1,1,4,3,2,2,4,3,2,6,7,6,6,7,7,7,7
437,female,36,2,2,1,1,3,2,2,2,4,4,6,6,6,5,6,7,6,7,7
438,female,30,1,1,1,1,1,1,1,1,3,1,4,7,7,7,7,7,7,7,7
439,female,58,4,3,4,3,4,4,4,4,5,5,5,4,4,4,4,4,4,4,4
440,male,50,2,2,2,1,4,2,2,3,4,4,5,6,6,2,7,7,7,7,7
441,female,46,3,3,3,3,2,1,1,1,3,2,3,7,7,6,7,6,6,6,5
442,male,59,1,1,1,1,3,2,4,4,4,4,2,6,6,5,6,6,6,6,4
443,male,46,4,4,4,3,5,4,3,3,3,3,6,4,6,4,6,6,6,6,7
444,female,45,1,1,1,1,2,3,3,3,4,1,1,6,6,3,6,6,6,6,5
445,female,32,1,1,1,1,4,3,2,2,6,1,5,6,6,3,1,7,7,7,7
446,female,51,2,1,1,1,4,2,2,2,1,1,6,6,6,4,6,6,7,7,7
447,male,34,1,1,1,1,1,2,2,2,3,1,1,7,7,5,6,7,7,6,7
448,female,42,2,2,2,1,3,2,3,2,2,2,3,6,6,3,5,5,5,7,6
449,male,50,3,2,2,2,3,3,3,3,6,5,6,5,6,6,7,6,6,5,6
450,male,53,4,4,5,4,3,4,4,4,4,5,4,3,3,3,4,4,5,3,3
451,male,22,2,2,2,1,2,2,1,1,2,1,3,2,2,2,2,6,7,4,5
452,female,17,1,5,1,2,5,2,2,3,4,2,5,7,7,7,7,7,6,7,7
453,male,37,1,1,1,1,2,2,2,2,1,1,3,5,5,4,5,4,5,6,6
454,male,22,1,1,1,1,1,1,1,1,1,1,1,7,7,7,7,7,7,7,7
455,female,38,2,1,1,1,5,5,4,4,4,2,4,7,7,7,7,7,7,7,7
456,male,28,5,4,2,4,6,5,4,4,6,4,5,7,6,5,5,7,3,6,6
457,male,56,3,2,2,2,4,2,3,3,4,2,5,5,5,6,5,3,3,3,3
458,male,51,3,4,3,5,4,2,2,1,2,1,4,6,5,5,5,5,5,6,6
459,male,47,2,1,1,1,4,4,4,4,4,4,4,7,6,5,6,7,7,6,6
460,female,22,3,2,2,1,3,2,1,2,4,3,4,5,6,3,6,6,6,6,6
461,female,17,5,3,4,2,3,4,2,3,6,5,6,6,5,2,6,6,6,4,5
462,male,15,2,2,1,1,4,3,2,2,5,5,6,6,6,5,6,6,6,6,6
463,male,49,2,2,2,2,2,2,2,2,4,2,5,6,6,4,5,7,6,6,6
464,male,50,1,1,1,1,2,2,2,3,1,1,1,6,6,6,6,7,7,7,7
465,male,39,4,4,4,4,4,4,4,4,4,4,4,4,4,4,4,4,4,4,4
466,male,50,4,5,3,5,5,5,5,5,6,5,5,3,3,5,3,6,5,5,6
467,male,63,2,4,4,4,5,4,4,4,5,4,4,5,5,5,6,5,6,6,6
468,male,49,2,5,1,5,2,6,5,5,6,2,6,7,6,6,6,7,7,7,7
469,male,49,4,5,5,4,5,5,5,5,6,4,4,6,6,6,6,3,5,6,5
470,male,33,1,1,1,1,3,3,2,3,4,2,2,4,7,4,5,7,7,7,7
471,male,39,3,4,3,4,5,4,4,4,4,4,4,4,4,4,4,5,5,5,5
472,female,57,2,4,2,3,2,2,2,2,5,1,2,7,7,7,7,6,7,6,6
473,male,63,2,2,2,1,3,4,2,3,6,4,6,6,6,5,5,6,6,6,6
474,female,18,2,1,2,1,1,2,2,2,4,1,1,6,6,1,6,7,5,7,6
475,male,42,2,2,2,1,4,4,4,3,6,5,5,7,6,4,7,6,6,7,6
476,female,63,1,1,1,1,1,1,1,1,2,1,4,7,6,6,6,7,7,7,7
477,female,44,1,1,1,1,1,1,1,1,4,1,1,7,7,6,7,7,7,7,7
478,male,39,4,5,6,6,5,4,3,3,5,4,6,6,6,5,6,7,7,7,7
479,male,58,5,5,4,5,4,4,4,4,6,6,6,5,5,5,5,4,4,5,4
480,female,51,5,4,1,1,4,4,4,4,7,1,7,6,6,7,6,7,7,7,7
481,female,32,2,1,1,1,3,2,2,1,3,1,5,7,7,7,7,5,5,6,6
482,female,39,1,1,1,1,4,3,3,3,4,4,5,5,6,2,6,7,7,7,7
483,male,67,1,1,1,1,1,4,2,2,1,1,5,7,7,7,7,7,7,7,7
484,male,45,2,2,2,2,4,2,2,2,5,4,5,5,5,5,6,7,7,7,7
485,male,36,3,2,2,4,3,3,2,2,3,2,4,5,5,5,5,7,7,7,7
486,male,49,3,3,3,3,4,4,4,4,4,4,4,5,5,5,5,6,6,7,7
487,male,38,4,2,4,2,4,6,6,6,4,2,4,6,7,7,6,6,6,6,7
488,male,50,2,2,2,2,4,3,2,3,3,3,3,7,7,7,7,7,6,6,7
489,male,46,2,2,2,2,4,4,4,4,5,3,4,6,6,6,6,7,7,7,7
490,male,33,2,2,2,2,4,4,4,4,5,2,2,6,6,4,6,6,3,6,6
491,male,44,1,1,1,1,1,1,1,1,1,1,1,7,6,6,6,7,6,7,7
492,female,22,2,2,1,1,4,2,4,2,3,2,2,7,7,1,7,7,6,7,7
493,female,42,3,3,1,1,7,4,4,4,4,4,7,7,7,7,7,6,6,6,6
494,male,56,4,2,4,3,2,2,4,4,6,4,5,6,6,5,6,6,6,6,6
495,female,58,2,2,1,2,2,2,2,2,4,4,3,6,6,6,7,6,6,6,7
496,male,63,2,2,1,2,4,3,4,4,2,2,2,6,7,6,6,6,6,6,6
497,male,17,1,1,1,1,4,3,4,1,6,3,5,6,4,1,5,6,7,7,5
498,female,40,2,1,2,2,1,1,1,1,1,1,1,7,7,7,7,6,6,7,7
499,female,35,2,2,2,2,2,2,2,4,2,1,2,6,6,4,6,7,6,7,6
500,female,51,1,1,1,1,4,4,4,4,1,1,4,7,7,7,7,6,5,6,6
501,male,57,1,1,1,1,4,4,4,4,4,1,3,7,7,7,7,2,2,1,1
502,female,40,1,1,1,1,4,3,3,3,4,1,3,7,7,7,7,7,7,7,7
503,female,44,3,3,2,3,5,4,3,3,5,4,4,6,6,5,5,6,6,6,7
504,male,46,2,2,1,2,4,4,5,5,5,6,6,7,6,6,5,7,7,6,6
505,male,30,1,1,1,1,2,2,2,2,3,3,3,6,6,5,5,7,6,7,6
506,female,41,4,4,4,3,4,3,4,4,6,4,4,4,3,3,4,4,3,3,3
507,female,30,2,2,2,2,6,5,5,4,4,4,5,5,5,2,3,5,6,6,6
508,male,61,2,1,1,1,2,2,2,1,4,4,3,6,6,5,6,6,6,6,6
509,female,53,6,5,2,2,5,4,2,3,5,5,5,6,3,3,6,6,6,7,7
510,male,24,3,1,1,1,5,4,4,4,4,4,5,4,4,4,4,6,7,6,6
511,male,21,4,3,3,2,3,3,2,2,6,4,4,4,3,2,3,3,5,4,3
512,male,33,3,2,1,2,3,4,3,6,5,4,4,7,7,7,7,6,5,6,7
513,male,46,5,5,3,7,3,2,2,2,5,3,7,5,3,2,6,6,2,7,6
514,male,43,2,1,1,1,2,1,1,1,4,2,2,7,7,6,7,7,7,7,7
515,female,43,1,1,1,1,1,1,1,1,4,1,5,7,7,7,7,7,7,7,7
516,male,52,1,1,1,1,7,5,6,5,7,5,2,7,7,5,7,7,7,7,7
517,male,39,1,2,1,1,5,2,2,2,4,4,4,6,6,5,6,6,6,6,5
518,female,36,2,2,2,1,5,5,3,3,4,3,5,5,5,5,5,5,5,5,5
519,female,58,1,1,1,2,4,4,4,4,6,5,6,7,7,7,7,7,7,7,7
520,female,65,1,1,1,3,4,4,4,4,5,5,2,6,3,2,5,6,5,5,6
521,male,36,2,2,2,1,4,2,2,2,5,4,5,6,7,6,7,7,7,7,7
522,female,36,1,1,1,1,1,1,1,1,5,4,4,7,7,2,7,7,7,7,7
523,male,39,2,3,2,2,2,2,3,2,4,3,4,5,5,4,4,3,2,2,2
524,female,22,2,5,1,2,5,3,2,1,4,3,4,7,7,7,7,6,4,6,5
525,male,47,1,1,1,1,7,4,4,1,1,1,1,7,7,7,6,7,7,7,7
526,female,32,2,2,1,1,1,3,3,1,1,1,1,5,7,4,7,7,6,7,7
527,male,43,2,5,2,2,2,4,4,2,4,2,1,7,7,6,7,2,1,1,2
528,female,58,2,2,2,1,4,4,3,3,4,5,5,5,6,5,6,6,6,6,6
529,female,42,1,1,1,1,1,1,1,1,1,1,2,1,2,3,5,7,7,7,7
530,female,52,2,2,2,2,2,2,2,2,2,2,2,6,5,4,4,5,6,6,6
531,female,41,3,1,1,1,2,1,1,1,4,1,4,5,7,5,7,7,2,7,7
532,male,41,1,1,1,1,5,2,2,1,1,1,1,7,7,7,7,7,7,7,7
533,female,47,2,2,1,4,1,1,1,1,4,1,1,7,7,7,7,6,6,6,7
534,male,43,4,2,2,3,1,5,2,2,5,2,3,6,6,5,5,7,6,6,6
535,female,37,4,4,4,3,4,4,4,3,5,5,6,3,3,3,3,6,5,5,5
536,female,40,1,1,1,1,5,3,3,3,2,2,5,7,7,7,7,7,7,7,7
537,female,62,1,1,1,1,1,1,1,1,1,1,2,6,2,1,1,4,6,4,4
538,female,55,5,4,3,4,2,2,2,3,4,4,5,5,2,2,2,6,5,6,5
539,male,41,4,4,3,1,4,3,4,4,6,4,5,3,7,3,7,7,7,7,7
540,female,17,2,2,1,1,4,5,4,1,4,4,4,6,6,4,6,7,7,7,7
541,female,71,4,6,6,5,7,4,4,4,6,6,7,7,7,6,6,4,5,6,7
542,male,69,3,3,3,3,6,6,5,5,5,5,6,5,5,6,5,3,5,3,3
543,female,35,2,5,1,2,5,3,2,1,6,4,5,7,7,7,6,7,7,7,7
544,male,45,2,2,1,1,6,5,5,5,4,1,4,7,7,7,7,7,6,7,7
545,male,42,2,2,2,2,5,2,2,3,6,6,6,6,6,3,5,6,6,6,6
546,female,45,2,2,2,2,4,4,4,4,4,2,2,2,2,2,2,6,6,7,6
547,male,63,1,1,1,1,7,3,3,2,6,6,7,7,7,7,7,7,7,7,7
548,male,69,3,4,4,2,6,5,4,4,5,4,5,5,5,3,6,5,5,5,6
549,female,25,2,4,2,2,4,3,3,2,4,3,4,6,6,5,5,6,6,5,6
550,male,34,3,3,3,3,3,4,4,3,5,3,3,5,5,5,5,7,7,7,7
551,female,35,1,1,1,1,1,1,1,1,3,2,3,7,7,7,7,7,7,7,7
552,male,32,1,1,1,1,1,1,1,1,3,2,2,5,6,4,6,6,7,7,7
553,male,40,4,3,3,2,3,3,3,2,6,5,6,3,3,2,3,6,5,4,4
554,male,44,5,5,5,3,5,6,5,3,4,3,3,5,5,5,5,5,4,5,5
555,female,29,1,5,1,1,4,4,4,4,1,1,1,7,7,7,7,7,7,7,7
556,male,44,3,2,2,1,4,4,4,4,5,4,4,5,5,5,5,6,6,6,6
557,male,30,1,1,1,1,4,2,3,2,1,1,1,7,7,6,7,7,7,7,7
558,male,47,2,1,2,1,1,1,1,1,2,2,2,6,6,2,6,7,6,6,6
559,male,50,6,6,5,5,3,5,2,2,6,3,4,6,6,6,6,6,5,6,6
560,male,32,1,1,1,1,1,1,1,1,2,1,1,7,6,2,6,7,7,7,7
561,male,50,1,1,1,1,4,4,4,4,4,4,4,5,5,5,5,6,6,6,6
562,male,45,2,2,1,1,3,2,3,4,3,3,5,6,6,5,6,6,6,7,6
563,male,70,1,1,1,1,1,1,1,1,1,1,1,7,7,7,7,7,7,7,7
564,female,45,2,2,2,2,5,4,4,4,4,4,4,5,5,5,5,6,6,6,6
565,male,44,2,7,2,1,3,3,4,3,4,2,4,5,5,4,6,5,4,6,5
566,female,38,3,2,1,1,2,1,2,1,3,1,3,6,7,6,6,6,6,6,7
567,male,49,1,1,1,2,2,2,3,3,6,5,7,5,2,2,4,6,6,6,4
568,male,44,4,4,3,5,4,3,3,2,4,5,6,5,5,3,5,5,6,5,4
569,female,38,1,1,1,1,4,3,2,2,1,1,6,7,7,2,7,6,7,7,7
570,female,67,1,1,1,1,5,4,4,5,1,1,3,4,7,7,7,6,6,6,6
571,female,46,3,4,2,2,4,2,2,2,6,4,6,6,6,6,6,6,5,6,6
572,male,72,1,1,1,1,6,4,3,2,4,1,4,7,7,7,7,6,7,6,7
573,female,56,3,1,1,1,2,2,2,2,4,4,4,6,7,6,7,7,7,7,7
574,female,31,2,2,1,2,2,2,1,1,2,3,5,7,7,5,7,7,7,7,7
575,male,32,1,1,1,1,3,2,2,1,2,2,3,6,6,4,5,7,7,7,7
576,male,69,5,5,4,4,4,5,4,5,6,6,6,3,3,3,3,4,4,3,4
577,female,16,5,6,2,5,7,1,1,1,6,2,4,7,6,6,5,7,6,7,5
578,male,49,3,3,1,3,4,3,3,2,6,5,5,5,4,6,5,6,7,6,7
579,male,65,3,2,3,2,2,2,1,3,5,2,6,7,7,5,6,6,7,7,7
580,female,46,1,1,1,1,4,4,4,4,3,1,4,6,3,1,1,6,6,6,6
581,female,42,2,1,1,1,5,3,2,2,7,4,4,5,6,3,6,7,7,6,7
582,male,29,2,2,2,1,3,2,3,2,5,4,4,7,6,2,6,7,7,6,6
583,female,55,1,1,1,1,4,4,4,1,1,1,1,7,7,1,7,7,7,7,7
584,female,19,3,2,2,2,4,3,2,3,4,3,3,5,5,3,6,6,4,6,5
585,female,37,3,3,3,3,5,5,5,5,5,3,5,5,5,3,5,5,5,5,5
586,female,44,1,1,1,1,3,1,4,3,4,1,1,7,7,2,7,7,7,7,7
587,female,29,2,2,1,1,2,2,2,2,2,1,2,7,7,7,7,7,7,7,7
588,female,41,1,1,1,1,2,3,2,2,5,3,5,7,7,6,7,7,7,7,7
589,male,41,1,1,2,1,3,2,2,1,3,1,4,6,6,5,6,7,7,7,7
590,male,75,2,2,1,2,3,2,2,2,3,3,3,6,6,6,6,6,6,6,6
591,female,20,2,2,2,1,3,3,2,2,5,4,6,6,6,5,7,6,6,6,6
592,female,29,1,1,1,1,4,3,4,4,4,1,5,7,7,4,7,7,7,7,7
593,male,48,3,3,3,3,4,4,4,4,5,3,3,5,5,4,5,6,5,5,5
594,female,46,3,4,2,2,4,3,2,2,5,4,5,5,5,4,5,6,5,6,5
595,male,44,4,2,3,2,3,3,2,2,5,4,5,6,6,6,6,6,6,7,6
596,male,62,2,2,2,2,2,5,2,3,1,3,4,6,6,6,6,6,7,6,6
597,female,44,4,2,3,4,2,2,2,2,4,2,5,6,4,3,6,6,6,6,7
598,male,52,4,4,3,4,4,4,4,4,4,2,6,5,5,5,5,5,5,5,5
599,male,49,2,1,1,1,1,1,1,1,2,2,2,7,7,7,7,6,6,6,6
600,female,21,5,3,2,2,2,2,2,1,4,2,5,5,6,5,6,6,6,6,7
601,male,59,2,4,2,3,5,4,4,4,5,3,4,6,6,6,6,6,6,6,7
602,female,32,7,1,1,1,4,4,4,4,4,1,4,7,7,7,7,7,7,6,7
603,male,50,2,1,2,2,1,3,2,2,5,3,6,2,5,7,7,7,6,7,6
604,female,55,1,1,1,1,1,2,2,1,5,1,4,7,7,2,7,6,7,7,6
605,male,45,3,2,2,3,4,3,3,2,5,2,2,5,5,5,6,6,6,6,7
606,male,40,3,2,3,2,4,4,4,3,4,3,4,5,6,5,5,6,6,7,6
607,female,58,4,3,3,3,4,4,4,3,5,4,4,5,6,5,6,7,7,6,6
608,female,44,1,1,1,1,1,1,1,4,1,1,1,7,7,7,7,7,7,7,7
609,female,45,2,2,1,1,4,4,4,4,4,1,4,7,5,4,5,7,7,6,7
610,male,25,4,1,3,2,6,3,1,2,2,3,7,7,6,6,6,7,6,7,7
611,male,41,2,1,1,1,1,1,1,1,1,1,2,6,7,1,7,6,5,7,7
612,female,29,2,1,1,2,3,3,3,3,4,2,5,5,6,2,5,7,6,6,6
613,female,46,1,1,1,1,1,1,1,1,1,1,1,7,7,7,7,7,7,7,7
614,male,40,3,1,1,1,4,4,1,1,5,4,5,7,7,7,7,7,7,7,7
615,male,28,2,3,1,1,5,1,2,2,2,1,5,7,6,5,6,7,7,7,7
616,female,55,1,1,1,1,4,2,2,2,4,1,4,6,5,5,5,7,7,7,7
617,female,46,5,5,4,3,5,3,3,3,6,4,5,7,7,7,7,7,7,7,7
618,female,33,2,1,1,1,7,1,1,1,3,1,1,7,7,7,7,7,7,7,7
619,female,59,1,1,1,1,4,4,4,4,2,1,1,7,7,7,7,7,7,7,7
620,female,52,2,1,2,2,2,2,2,2,6,4,5,7,7,5,7,6,6,6,6
621,male,42,2,2,1,2,2,3,1,1,4,2,5,6,6,6,6,7,7,6,6
622,male,52,1,2,1,1,7,4,7,6,2,1,7,4,4,4,7,6,6,7,7
623,male,57,3,4,1,2,3,4,3,3,3,2,3,6,6,6,6,6,6,7,7
624,female,57,2,2,2,2,2,3,3,3,3,3,3,6,6,6,6,6,6,6,6
625,male,33,2,3,1,1,5,3,5,5,2,1,2,7,7,5,7,7,7,7,7
626,male,47,1,1,1,1,1,1,1,1,1,1,1,7,7,7,7,7,7,7,7
627,female,39,2,4,1,3,5,4,4,3,4,4,6,5,6,6,6,3,2,6,5
628,male,48,1,1,1,1,2,2,2,2,2,2,2,6,6,5,7,1,1,1,1
629,female,48,4,2,3,2,6,3,2,3,6,4,5,6,5,2,4,6,6,5,6
630,female,47,1,2,1,1,2,2,2,2,2,1,5,7,7,6,7,7,7,6,7
631,female,59,2,1,1,2,1,1,2,2,1,1,1,7,7,7,7,6,6,6,7
632,female,20,2,4,2,4,4,3,3,3,4,3,4,6,6,6,6,6,6,7,6
633,male,65,1,1,1,1,2,3,3,3,5,4,4,6,5,5,5,7,7,7,7
634,male,38,2,1,1,1,3,3,4,4,1,1,1,7,7,1,4,7,6,6,6
635,female,51,1,1,1,1,4,2,2,2,4,4,4,4,6,6,6,4,5,4,4
636,male,56,5,1,2,4,6,5,6,6,5,5,6,7,7,7,7,6,6,6,6
637,female,45,3,1,1,1,4,3,3,3,6,5,6,5,6,4,5,6,7,7,7
638,female,32,2,2,1,1,5,2,3,4,3,1,1,7,7,5,7,7,7,7,6
639,female,31,2,2,1,1,3,1,1,1,4,2,5,7,7,5,7,7,7,7,7
640,female,58,3,3,3,3,4,4,4,4,4,2,2,6,6,6,6,7,7,7,7
641,male,44,2,6,2,2,4,3,2,2,5,2,3,6,6,5,6,7,7,7,7
642,female,38,3,4,3,4,3,4,4,4,3,1,4,6,6,5,5,6,6,6,6
643,male,64,4,1,3,4,4,4,4,4,4,1,1,4,4,4,4,4,4,7,4
644,female,25,1,3,1,1,6,1,1,3,6,1,6,7,7,7,7,7,7,7,7
645,male,66,4,4,4,4,6,5,5,5,5,2,4,6,4,4,6,1,1,1,1
646,female,19,1,1,1,6,1,1,1,1,4,4,2,7,7,7,7,7,7,7,7
647,male,44,5,2,2,5,2,1,1,2,6,5,5,5,6,5,6,7,5,5,7
648,female,21,2,2,2,2,5,3,4,4,3,2,4,5,6,6,6,6,6,5,5
649,female,58,2,2,1,2,5,4,5,5,2,2,3,5,3,3,5,5,4,7,6
650,male,55,2,2,2,4,5,5,3,3,5,4,5,6,6,6,7,6,6,6,6
651,female,21,1,1,1,1,2,2,1,1,1,1,2,6,6,6,6,7,7,7,7
652,male,40,1,1,1,1,1,4,1,1,2,1,1,7,6,6,6,7,7,7,7
653,male,46,2,1,1,1,3,4,4,4,5,4,3,6,6,6,6,6,7,7,7
654,male,42,1,1,1,1,2,2,2,2,4,2,2,7,7,7,7,6,6,6,6
655,female,30,1,1,1,1,1,1,1,1,1,1,1,7,7,7,7,7,7,7,7
656,male,48,2,2,3,2,4,3,3,3,6,3,5,7,7,4,6,7,6,7,7
657,female,42,2,2,2,2,5,2,2,2,5,3,4,6,7,7,7,7,7,7,7
658,male,61,2,2,2,2,5,3,4,4,5,6,6,7,7,4,7,7,6,7,7
659,female,49,2,1,1,2,4,3,3,2,6,3,4,6,6,6,7,6,6,6,5
660,male,28,1,1,1,1,1,1,1,1,5,2,5,6,6,6,7,7,4,6,7
661,male,39,2,2,2,2,2,2,2,2,2,2,2,6,6,5,6,7,6,6,7
662,male,36,2,1,1,1,4,4,4,4,3,1,5,6,7,5,7,7,7,7,7
663,female,52,4,1,1,1,1,1,1,1,4,1,1,4,4,4,4,6,7,7,6
664,male,42,1,1,1,1,1,1,1,1,2,1,1,7,5,5,7,1,1,1,1
665,female,47,1,1,1,1,4,2,4,2,1,1,1,7,7,7,7,7,7,7,7
666,male,46,4,1,1,1,3,3,3,3,4,4,5,7,7,7,7,7,7,7,7
667,female,54,4,3,3,5,3,2,2,2,3,2,6,6,6,6,6,6,6,7,7
668,male,53,1,1,1,1,1,2,3,2,1,1,2,7,7,6,7,7,7,7,7
669,female,20,3,1,2,3,4,2,3,2,2,1,1,4,6,5,6,6,6,6,5
670,male,64,6,2,1,2,3,2,2,2,2,3,2,7,7,7,7,7,6,6,6
671,female,37,1,1,2,1,2,2,2,1,4,2,2,7,5,2,5,7,7,7,7
672,male,48,1,1,1,1,1,1,1,1,1,1,1,7,7,1,7,7,7,7,7
673,male,47,4,4,2,3,3,3,2,2,6,4,4,6,6,6,6,2,2,2,2
674,female,59,2,1,2,1,5,4,2,4,1,3,3,6,7,6,7,6,7,7,7
675,female,69,4,2,2,3,2,2,2,2,4,2,5,6,6,3,6,6,7,6,5
676,male,46,4,4,4,4,4,4,4,4,5,4,4,5,5,5,4,5,5,7,5
677,male,53,1,1,1,1,1,2,2,2,2,1,1,6,6,4,2,6,6,6,7
678,female,45,1,1,1,1,2,2,1,2,5,2,1,7,7,7,7,7,7,7,7
679,female,47,4,5,5,3,6,5,5,5,4,4,5,7,6,5,6,5,5,6,6
680,female,49,2,2,1,4,5,4,4,4,4,2,5,6,6,5,5,7,6,6,7
681,male,45,1,1,1,1,1,1,1,1,4,2,2,7,7,6,7,6,6,5,5
682,male,42,2,2,1,2,2,2,2,2,6,4,5,6,6,5,4,6,6,6,6
683,male,40,6,6,3,2,6,6,5,5,5,2,5,7,7,6,6,6,6,6,6
684,female,16,2,4,2,2,5,2,2,2,6,4,7,4,5,5,5,6,4,6,6
685,male,60,3,3,3,2,4,2,4,3,6,6,6,5,4,4,4,4,5,5,5
686,male,51,2,1,1,1,5,5,4,5,4,4,2,7,7,7,7,1,1,1,1
687,male,45,2,2,2,2,2,2,2,2,6,5,6,6,5,4,6,6,6,6,7
688,male,60,1,1,1,1,1,2,1,1,6,1,6,7,7,7,7,7,7,7,7
689,male,52,1,1,1,1,3,4,3,3,4,2,2,6,6,5,6,7,7,6,7
690,female,20,2,1,2,1,3,3,1,1,4,4,4,6,6,6,6,6,7,6,6
691,female,20,1,1,1,1,2,2,2,2,2,2,2,7,7,7,7,7,7,7,7
692,male,59,1,1,1,4,7,3,1,4,2,2,7,7,7,7,7,6,6,7,7
693,male,43,3,2,2,5,3,3,4,4,6,6,6,6,5,4,5,6,5,6,6
694,male,40,2,1,1,1,2,1,1,2,5,4,3,7,6,5,6,6,5,5,7
695,female,22,1,1,1,1,3,2,2,2,4,2,2,7,7,7,7,7,7,7,7
696,female,41,2,1,2,3,4,4,4,4,6,4,4,5,5,5,5,6,4,6,6
697,female,46,6,6,5,5,4,2,2,2,7,4,4,6,5,5,5,6,6,6,6
698,male,38,1,1,1,1,4,4,4,4,2,1,2,7,7,5,7,7,7,7,7
699,male,53,2,2,2,2,2,2,2,2,6,5,5,6,5,5,5,6,6,5,5
700,male,50,4,1,1,2,4,5,4,5,3,2,2,5,5,4,3,7,7,7,7
701,female,54,2,1,1,2,3,4,4,4,4,4,4,6,6,2,4,6,6,6,6
702,female,42,1,1,1,4,2,4,1,1,4,1,4,7,7,1,7,7,4,7,4
703,male,51,4,4,1,1,4,4,4,4,4,1,4,7,7,4,4,4,4,4,4
704,female,24,4,5,4,5,4,3,2,2,6,5,4,7,6,5,5,6,5,5,6
705,female,59,2,1,1,1,4,4,4,4,2,1,1,7,7,6,6,7,7,7,7
706,male,48,5,2,2,3,4,4,4,4,4,4,6,5,6,6,6,6,6,6,7
707,female,28,3,1,1,1,3,2,2,2,5,3,4,5,6,5,5,6,6,6,6
708,male,51,2,2,1,1,4,4,4,2,4,2,6,6,6,6,6,7,7,6,7
709,male,42,1,1,1,1,4,4,4,4,4,1,4,7,7,7,7,7,7,7,7
710,male,25,3,3,2,2,1,2,2,2,6,5,5,7,7,5,7,7,6,7,7
711,male,56,2,1,2,2,3,2,3,2,5,4,2,5,6,3,6,7,5,6,6
712,female,36,3,4,3,2,3,2,3,2,3,3,4,6,6,5,5,6,6,6,6
713,female,42,2,2,2,1,4,4,1,1,4,2,4,7,7,5,7,7,7,7,7
714,female,21,2,3,2,2,6,6,6,2,5,5,6,6,6,6,6,6,6,6,6
715,male,55,1,1,1,1,2,2,1,1,4,1,2,7,7,7,7,7,7,7,7
716,male,35,2,1,1,2,4,4,1,2,4,2,3,5,4,5,5,6,6,5,7
717,female,43,4,2,3,3,3,3,3,3,3,2,4,5,5,5,5,6,5,7,6
718,male,55,2,1,2,2,4,3,2,2,4,4,5,6,6,5,6,6,7,6,7
719,female,51,4,3,2,2,3,4,2,3,5,4,5,6,6,6,6,6,7,6,7
720,male,32,1,1,1,1,3,3,3,3,5,2,2,6,6,6,6,5,6,6,6
721,male,53,1,1,1,1,1,1,1,1,2,1,1,7,7,1,7,7,7,7,7
722,female,18,1,1,1,1,1,3,2,1,2,1,1,7,7,7,7,7,7,7,7
723,male,48,1,1,1,1,1,5,1,1,6,4,7,7,7,5,7,7,7,7,7
724,male,36,1,1,1,1,5,3,4,5,7,3,5,7,6,3,7,7,7,7,7
725,female,60,1,1,1,1,1,2,1,1,5,2,5,7,7,7,7,7,7,7,7
726,female,43,2,3,1,1,4,3,2,2,3,2,6,7,7,6,7,7,7,7,7
727,female,21,3,3,2,2,5,4,3,2,3,3,5,5,5,2,5,2,2,2,2
728,female,39,3,5,4,4,5,3,3,3,6,6,6,5,5,4,5,4,5,6,6
729,female,70,1,1,1,1,5,5,5,4,4,2,4,5,7,7,7,7,7,7,7
730,male,52,4,3,1,3,2,3,3,2,2,2,2,5,6,6,5,7,7,7,7
731,male,59,1,1,1,1,5,5,5,5,1,1,4,7,7,7,7,7,7,6,7
732,male,35,1,1,1,1,1,1,1,1,1,1,1,7,7,7,7,1,1,1,1
733,female,43,2,3,1,1,3,4,4,3,4,4,4,7,7,7,7,7,7,7,7
734,female,41,4,5,3,4,5,5,5,5,5,5,5,4,4,4,4,5,4,5,5
735,male,59,2,1,1,1,2,2,1,1,4,3,2,6,6,5,5,6,6,6,6
736,male,35,1,1,1,1,5,2,2,2,4,1,1,7,6,6,6,7,7,7,7
737,male,41,4,4,3,3,5,4,4,4,4,4,4,5,5,4,4,1,2,2,3
738,male,48,4,4,3,4,7,6,5,5,5,4,7,6,6,4,7,5,6,6,6
739,male,17,2,4,4,1,5,4,4,4,5,4,5,4,5,4,5,6,5,5,5
740,female,37,2,2,2,1,4,5,4,4,5,3,4,5,5,4,4,6,7,6,6
741,female,30,2,3,2,1,4,3,2,2,6,2,6,7,7,3,7,7,7,7,7
742,female,63,1,1,1,1,3,2,2,2,6,7,7,7,7,6,7,6,6,7,7
743,male,68,1,1,1,1,2,1,1,1,1,1,1,6,6,7,7,7,7,6,6
744,female,35,1,1,1,1,1,1,1,1,1,1,3,7,7,7,7,7,7,7,6
745,male,57,1,1,1,1,1,1,1,1,7,7,7,1,1,1,1,7,7,7,7
746,female,19,2,1,1,1,4,1,2,2,4,2,2,4,7,6,6,7,6,7,7
747,male,35,5,5,4,4,4,3,3,3,5,4,4,4,4,4,5,5,5,5,5
748,male,24,3,3,2,2,3,3,2,2,6,1,5,7,7,7,7,7,7,7,7
749,female,36,5,1,1,1,3,3,1,1,4,2,3,6,6,6,6,6,4,7,6
750,male,21,2,3,1,3,2,2,2,1,5,4,5,6,6,3,6,7,7,7,7
751,female,49,3,4,3,3,6,5,3,3,4,2,3,2,2,2,2,6,5,5,6
752,female,49,1,1,1,1,5,2,3,5,6,1,5,5,5,5,6,6,6,6,6
753,female,63,4,2,2,2,4,4,4,4,4,2,2,4,6,6,6,6,6,6,6
754,female,65,4,4,3,3,4,4,4,4,4,4,4,4,4,4,4,5,5,5,5
755,female,46,3,2,1,1,4,2,2,2,4,2,4,6,7,4,6,6,6,6,6
756,female,40,1,2,1,4,2,1,1,1,4,1,4,7,7,5,7,7,7,7,7
757,male,36,1,1,1,2,4,3,4,4,4,3,3,5,5,5,5,7,6,7,7
758,female,42,1,1,1,1,7,3,3,5,3,5,5,4,4,7,7,6,7,6,6
759,male,39,4,1,1,1,1,4,4,3,4,4,4,5,5,2,5,4,4,4,4
760,male,51,2,3,4,2,5,5,4,3,5,4,5,7,7,6,6,7,7,7,7
761,male,30,1,1,1,1,1,2,2,2,6,2,4,7,7,7,7,7,7,7,7
762,male,35,4,3,4,1,6,6,5,6,4,2,3,5,6,5,6,5,4,5,4
763,female,32,3,1,1,2,4,3,2,2,6,4,5,4,7,6,7,6,5,5,6
764,female,53,3,3,3,3,5,3,3,3,4,3,4,4,6,3,6,6,6,5,5
765,male,38,1,2,1,1,2,2,2,2,2,1,4,6,6,2,4,7,7,7,7
766,male,64,4,3,1,1,7,7,7,7,4,1,1,7,7,7,7,1,1,1,1
767,female,50,1,1,1,1,4,4,2,3,4,1,4,7,7,5,5,7,6,6,7
768,male,64,2,1,1,1,1,2,2,2,4,4,4,2,2,2,2,5,6,6,5
769,male,36,1,1,1,1,3,2,1,1,1,1,2,7,7,7,7,2,2,2,2
770,male,38,1,2,1,1,5,4,4,4,4,3,5,6,6,6,5,7,6,7,7
771,male,66,2,1,1,1,1,4,4,4,1,1,4,1,1,3,3,7,6,7,7
772,male,37,3,2,3,1,3,5,4,4,5,4,5,5,6,3,6,7,6,6,6
773,female,43,1,1,1,1,4,2,2,3,4,4,4,6,5,5,5,7,7,7,7
774,female,31,1,1,1,1,2,1,2,2,1,1,1,7,7,7,7,7,7,7,7
775,male,53,2,2,2,3,5,5,5,5,5,3,5,5,5,5,6,6,6,6,7
776,female,49,1,1,1,1,2,2,1,1,4,2,4,7,5,5,4,6,6,6,6
777,female,39,2,2,2,2,3,3,3,3,3,2,2,3,3,3,3,2,2,2,2
778,female,44,5,4,3,2,3,3,3,3,4,4,4,5,6,5,5,6,6,7,6
779,female,59,2,2,2,2,5,5,5,3,5,4,4,7,7,7,7,7,7,7,7
780,male,44,3,7,1,5,5,5,3,3,6,6,6,5,4,4,4,7,6,7,7
781,female,22,1,1,1,1,1,2,2,2,3,2,4,7,6,7,7,7,7,7,7
782,female,22,1,1,1,1,1,2,1,2,4,1,3,7,6,5,7,7,7,7,7
783,male,60,1,2,1,2,5,5,4,5,4,1,2,7,6,6,7,7,7,7,7
784,male,60,3,2,2,2,4,2,3,3,6,3,6,6,5,5,5,6,6,6,6
785,male,35,3,3,2,2,5,3,3,3,4,3,3,6,6,6,6,6,5,6,6
786,female,37,2,2,1,1,2,2,2,2,5,2,2,6,6,6,6,7,7,7,7
787,female,52,4,2,4,4,3,4,4,4,4,1,4,5,5,3,5,7,6,7,7
788,male,45,1,1,1,1,4,2,2,2,4,1,4,7,7,7,7,7,7,7,7
789,female,49,3,5,4,5,6,5,4,3,4,4,6,5,6,6,6,6,6,7,7
790,male,43,1,1,1,1,4,4,4,4,4,4,4,5,5,5,5,6,4,6,5
791,female,69,4,5,5,5,7,6,6,6,7,6,7,5,5,4,4,4,5,5,5
792,female,45,2,1,2,2,5,5,3,4,5,4,5,5,5,5,5,6,6,5,4
793,female,53,6,4,3,4,4,2,2,2,4,4,4,5,6,5,6,5,5,5,5
794,male,30,1,2,2,1,4,4,1,1,2,2,1,4,5,1,5,6,7,7,6
795,female,25,3,2,3,2,6,4,3,3,4,3,4,7,7,7,6,7,7,6,7
796,male,47,2,3,2,2,2,2,2,2,6,3,4,6,6,6,7,6,7,6,6
797,male,21,1,5,3,1,1,1,1,1,4,1,1,7,7,7,7,7,7,7,7
798,male,22,3,4,3,2,3,2,2,3,5,3,4,5,6,5,6,6,4,5,5
799,female,46,1,1,1,1,1,2,2,2,2,1,6,7,5,5,3,7,7,7,7
800,male,71,4,7,3,5,5,4,4,2,4,4,6,7,5,5,5,4,6,5,5
801,female,25,3,1,2,2,3,2,2,2,2,2,2,6,6,5,7,7,7,7,7
802,male,67,2,1,1,1,2,2,2,2,2,1,4,6,7,5,7,7,6,6,7
803,female,31,1,1,1,1,1,1,1,1,1,1,1,7,7,7,7,7,5,7,7
804,female,46,2,1,1,1,6,6,5,5,4,2,2,7,5,2,5,6,6,6,6
805,female,29,1,1,1,1,3,3,2,2,4,2,1,7,5,5,7,7,7,7,7
806,male,20,5,3,2,1,5,5,3,3,2,2,4,5,5,4,5,6,6,6,5
807,male,14,2,1,1,1,3,2,3,3,3,2,4,7,7,3,7,5,6,6,6
808,male,54,3,1,2,2,4,3,4,2,4,4,1,7,7,1,7,5,5,7,7
809,male,40,1,1,1,1,4,4,1,1,1,1,4,7,7,7,7,7,7,7,7
810,male,19,2,2,1,7,4,2,2,3,4,3,4,6,5,6,5,6,5,5,6
811,male,71,2,1,1,1,2,2,2,6,6,4,4,7,7,6,6,6,6,6,7
812,male,14,2,2,1,1,4,2,2,4,7,2,2,7,6,6,7,7,6,7,6
813,female,52,1,2,1,1,2,3,2,1,4,1,2,7,7,7,6,7,6,7,7
814,female,35,2,2,2,2,7,6,3,3,4,2,3,7,7,7,7,6,6,6,6
815,male,34,2,4,2,1,4,5,4,4,4,2,2,5,5,4,5,7,7,7,7
816,male,42,3,4,2,4,2,2,2,2,4,3,3,5,5,5,5,5,5,5,5
817,male,56,5,4,4,3,6,5,6,6,6,5,6,3,3,4,3,4,3,5,5
818,male,28,2,1,1,1,3,2,2,2,4,2,2,4,3,2,2,4,6,4,2
819,male,53,3,4,3,4,5,5,5,5,5,5,6,5,3,3,3,6,6,6,6
820,male,52,3,2,2,1,5,6,4,5,6,3,5,3,3,2,5,3,5,6,6
821,male,50,4,3,4,4,6,4,4,4,5,5,6,5,5,5,5,7,6,6,7
822,female,42,1,1,1,1,3,2,3,2,4,3,5,5,6,5,6,7,7,7,7
823,female,38,1,1,1,1,1,1,1,1,7,1,7,7,7,7,7,7,7,7,7
824,male,56,2,2,1,1,4,2,2,1,4,1,4,6,6,6,6,6,7,7,7
825,male,52,1,1,2,1,1,1,1,1,5,1,5,7,7,5,7,7,6,7,7
826,female,55,1,1,1,1,1,6,4,4,5,1,4,7,6,6,7,7,7,7,7
827,male,27,1,1,1,4,3,2,2,2,5,5,4,7,7,1,7,7,7,7,7
828,female,56,2,2,2,2,2,2,2,2,3,2,2,6,6,6,6,7,6,7,6
829,female,45,1,1,1,1,1,2,1,2,3,2,2,6,6,6,6,5,3,2,7
830,female,44,5,5,5,6,5,5,5,5,5,5,5,5,5,5,5,5,5,4,4
831,female,21,4,3,3,5,4,5,3,2,3,2,6,7,7,5,7,7,6,5,7
832,male,55,2,1,3,1,3,4,2,2,2,2,5,4,5,2,6,6,5,5,5
833,female,46,1,2,1,1,5,4,2,1,4,1,5,5,6,5,6,7,7,7,7
834,female,25,1,1,1,1,4,2,1,1,4,1,1,7,7,7,7,7,7,7,7
835,male,44,2,1,1,1,4,4,4,4,4,1,4,7,7,7,7,7,7,7,7
836,male,33,1,2,3,1,3,3,5,5,4,4,5,4,7,7,7,7,7,7,7
837,male,43,5,6,5,5,5,3,3,3,6,4,4,4,5,4,6,6,6,6,6
838,male,18,2,1,3,2,3,2,2,1,7,5,5,2,6,5,5,5,6,5,3
839,male,60,1,1,1,1,3,2,2,2,2,2,3,6,6,6,5,6,6,6,6
840,male,22,2,5,1,1,3,1,2,1,3,1,5,7,7,6,7,7,7,7,7
841,male,48,4,1,1,3,4,2,2,2,4,4,4,7,7,7,7,7,7,7,7
842,female,36,2,1,1,1,3,1,1,1,2,1,5,7,7,7,7,7,7,7,7
843,female,38,4,4,4,4,5,5,5,5,4,4,5,3,3,2,4,6,6,6,7
844,male,42,6,6,4,2,4,4,4,4,4,1,2,4,7,1,7,6,5,6,5
845,male,53,3,5,2,2,2,3,3,3,5,4,6,5,3,3,3,5,3,4,4
846,female,47,1,2,2,1,5,6,2,2,2,2,2,7,7,7,7,7,7,7,7
847,male,52,2,3,2,2,1,5,1,1,3,1,4,7,7,6,7,7,7,7,7
848,female,43,1,1,1,2,2,4,4,4,2,1,4,6,6,2,5,7,7,7,7
849,female,36,1,1,1,1,4,4,1,1,4,1,4,7,7,6,7,7,7,7,7
850,male,41,5,4,2,5,4,5,5,5,5,4,5,7,7,7,6,6,5,6,6
851,female,35,1,1,1,1,2,4,4,4,4,1,4,7,7,1,7,7,7,7,7
852,female,41,2,2,2,2,4,4,4,4,4,4,4,6,6,6,6,6,7,7,6
853,female,63,5,2,3,2,3,2,2,2,5,4,5,6,6,6,6,6,6,6,6
854,female,43,3,3,2,3,5,5,4,4,4,3,4,5,5,5,5,5,5,5,5
855,female,29,1,1,1,1,4,4,4,4,4,1,5,7,7,4,7,7,7,7,7
856,male,53,4,4,4,1,4,4,4,4,5,2,4,4,4,4,4,7,7,7,7
857,female,38,1,2,1,3,3,2,3,3,5,1,4,7,7,7,7,7,6,7,6
858,female,59,4,1,1,1,4,4,4,3,2,2,4,5,3,3,5,6,6,7,6
859,female,57,5,6,5,7,4,5,6,5,4,5,4,7,7,7,7,6,6,6,6
860,female,24,3,4,2,3,4,2,2,2,4,2,4,1,1,3,1,6,6,5,6
861,female,49,4,4,4,4,4,4,4,4,4,4,4,4,4,4,4,4,4,4,4
862,male,26,1,1,1,1,1,2,2,2,2,2,2,6,4,4,6,7,5,6,6
863,female,41,4,4,4,4,4,4,4,4,5,4,4,4,5,5,5,6,6,6,6
864,female,60,1,1,1,1,1,1,1,1,1,1,1,7,7,4,7,7,7,7,7
865,male,53,1,1,1,1,4,4,2,2,5,5,5,7,7,7,7,7,7,7,7
866,female,37,2,2,2,2,3,3,3,3,4,1,3,6,6,3,6,2,2,2,2
867,female,36,1,2,2,2,3,3,3,3,6,2,5,7,7,5,7,7,6,6,7
868,male,36,4,2,4,3,4,2,2,2,3,2,3,6,6,6,7,6,7,6,7
869,male,41,3,2,2,2,5,4,3,3,6,4,7,2,5,2,5,6,7,5,5
870,female,47,2,2,1,1,4,2,2,2,4,2,2,5,6,5,6,4,5,5,3
871,female,23,2,2,2,1,4,1,2,1,4,1,7,6,5,6,7,7,5,7,7
872,female,46,2,2,2,1,2,2,2,4,4,2,2,6,7,6,7,6,6,7,6
873,female,46,5,4,5,4,5,4,1,1,4,4,4,7,6,5,6,5,6,5,7
874,female,55,5,1,1,5,3,3,3,3,5,7,7,7,7,7,7,1,1,1,1
875,male,63,4,4,4,2,4,4,4,4,4,4,6,4,4,4,4,4,2,4,4
876,female,51,1,1,1,1,1,1,1,1,6,4,6,7,7,7,7,7,7,7,7
877,male,48,3,4,4,3,3,3,2,3,5,4,3,5,5,5,5,6,6,6,5
878,female,56,4,2,1,1,5,5,3,3,4,3,5,6,6,6,6,4,6,6,5
879,female,34,2,1,2,3,5,2,2,1,5,2,4,7,7,5,6,6,7,6,6
880,male,41,2,1,1,1,5,5,5,5,7,5,7,7,7,7,7,7,7,7,7
881,male,39,4,2,1,4,6,2,2,2,4,3,6,5,5,4,5,1,2,1,2
882,female,22,1,1,1,1,1,1,1,1,2,1,1,6,6,5,6,5,5,5,5
883,male,49,2,1,1,2,3,4,4,5,5,4,4,6,5,2,6,6,6,5,5
884,male,59,2,2,1,1,4,2,3,2,6,1,4,6,7,5,5,7,7,7,7
885,male,40,2,1,1,2,1,1,1,1,4,2,4,7,7,1,7,6,6,7,7
886,female,32,1,1,1,1,1,1,1,1,4,2,3,7,7,6,7,7,6,7,7
887,male,56,3,5,4,5,5,5,5,5,5,4,5,6,6,6,6,6,6,6,6
888,female,35,1,1,1,1,4,4,2,2,1,1,1,7,7,7,7,7,7,7,7
889,male,33,1,1,1,1,4,3,2,2,2,2,1,7,7,4,7,6,6,7,7
890,male,59,1,1,1,1,4,4,4,4,4,4,4,6,6,7,7,7,7,7,7
891,male,47,4,3,3,2,6,5,1,1,5,3,3,5,7,7,7,4,3,5,4
892,male,42,5,6,3,5,6,6,6,6,7,4,6,5,5,3,3,5,5,6,4
893,male,18,3,5,3,4,5,5,4,3,7,5,5,6,4,3,6,5,4,5,5
894,female,25,1,2,1,1,5,4,3,1,2,1,4,7,4,4,5,6,7,6,6
895,male,29,1,5,1,1,4,3,3,2,4,2,5,7,7,5,7,7,7,7,7
896,female,45,1,1,1,1,1,1,1,1,1,1,7,7,7,7,7,7,7,7,7
897,female,45,2,1,1,2,5,3,3,3,4,2,4,5,5,3,6,6,6,7,7
898,male,48,4,1,1,1,5,3,3,3,4,1,1,4,6,2,2,7,4,7,4
899,female,26,2,2,2,1,3,1,4,4,7,7,7,5,6,3,5,6,7,5,5
900,male,24,5,5,2,3,4,3,4,5,4,3,2,3,3,2,3,5,6,5,5
901,male,19,1,1,1,1,2,1,1,2,1,1,1,7,7,5,7,7,7,7,7
902,male,58,1,1,1,1,1,3,3,4,4,1,1,3,5,6,6,4,3,6,7
903,female,24,4,3,1,1,3,1,1,1,4,1,3,7,7,6,7,7,7,7,7
904,female,40,2,1,1,5,4,1,1,1,4,1,2,7,7,7,7,6,6,6,6
905,female,57,1,1,1,1,2,4,2,3,2,2,2,6,7,5,6,7,7,6,7
906,female,43,4,1,1,1,4,4,4,4,4,1,1,5,6,6,7,6,5,7,7
907,female,26,1,1,1,1,1,2,3,2,4,1,5,4,6,5,6,7,6,6,5
908,male,46,4,5,4,5,6,5,5,3,6,5,6,5,4,3,3,5,6,3,3
909,male,48,4,4,3,5,4,4,5,4,6,6,6,4,5,4,4,4,4,4,4
910,female,18,1,1,1,2,6,3,5,3,2,1,1,6,7,5,7,1,2,1,1
911,female,41,2,5,2,3,2,2,2,2,5,1,3,5,5,3,5,5,3,6,4
912,female,31,2,2,2,2,3,2,2,3,4,2,4,4,6,4,7,6,6,7,7
913,male,41,6,2,1,1,6,2,2,5,2,1,4,6,6,5,4,1,2,2,2
914,female,29,1,1,1,1,1,3,2,2,4,2,3,6,7,7,6,7,7,7,7
915,female,21,1,1,1,1,4,1,1,1,2,2,1,5,4,1,1,6,6,4,4
916,male,32,1,1,1,1,4,2,2,2,4,2,4,7,7,7,7,7,7,7,7
917,male,39,1,1,2,2,1,1,1,1,2,2,1,7,6,6,7,7,6,6,7
918,male,38,1,1,2,1,1,1,1,1,1,1,1,6,5,4,5,6,5,6,6
919,female,45,4,2,1,1,7,4,4,4,7,2,1,7,7,1,7,7,6,6,7
920,male,69,4,4,4,4,6,4,5,5,5,4,5,3,3,3,3,5,5,5,5
921,female,46,1,1,1,1,1,1,1,1,5,5,5,6,6,1,7,4,2,4,6
922,male,42,2,1,1,1,3,1,1,1,4,1,4,7,7,6,7,6,6,6,6
923,male,60,1,1,1,1,3,4,4,4,4,1,4,5,5,2,2,6,6,6,6
924,male,41,6,1,1,1,6,5,5,3,4,2,4,7,1,1,5,7,6,7,6
925,male,38,3,2,3,2,4,3,3,3,4,4,4,5,4,3,6,4,4,5,4
926,male,26,1,2,1,1,1,2,2,1,5,1,5,7,7,7,7,7,7,7,7
927,male,64,4,2,2,2,5,5,5,5,2,1,2,5,5,4,4,5,6,5,5
928,female,44,2,1,2,1,2,2,2,2,2,2,2,6,6,6,6,7,7,7,7
929,male,67,3,2,3,2,2,2,3,3,5,5,6,5,6,5,4,4,5,3,2
930,male,47,2,1,1,1,4,3,3,3,2,1,1,7,7,7,7,6,6,6,7
931,male,40,2,1,2,1,2,3,2,3,2,2,2,6,5,5,5,7,7,6,6
932,male,61,1,1,1,1,7,6,5,6,5,1,1,6,6,6,6,7,7,7,7
933,female,19,1,2,1,1,5,5,5,5,4,4,4,6,6,3,6,6,5,7,6
934,male,47,4,4,4,4,4,4,4,4,4,1,5,7,7,7,7,4,7,7,4
935,male,39,4,5,1,5,1,2,1,1,5,1,1,7,7,6,7,7,7,7,7
936,male,15,1,3,2,1,3,1,1,1,3,1,5,7,7,7,7,7,6,6,2
937,female,53,4,5,4,4,1,3,2,1,4,4,4,4,7,7,7,6,6,7,7
938,female,21,2,2,1,1,3,2,2,1,4,3,3,6,6,5,6,7,7,7,7
939,male,39,2,2,3,3,4,5,5,4,2,2,2,7,7,5,7,6,6,6,6
940,male,36,1,1,1,1,1,1,1,1,2,2,2,7,7,1,7,7,7,7,7
941,male,63,1,1,1,1,5,4,4,4,5,1,6,6,7,4,6,7,7,6,7
942,male,15,3,5,2,1,4,3,1,3,6,2,6,7,7,7,7,6,6,7,6
943,female,15,1,1,1,1,2,1,1,1,4,1,1,7,7,7,7,7,7,7,7
944,male,16,4,5,3,2,7,5,3,3,6,4,5,6,7,6,7,5,4,5,5
945,female,42,3,3,4,2,3,3,3,3,5,3,3,5,5,4,4,6,6,5,5
946,female,38,1,1,1,1,4,1,1,1,4,1,2,7,7,7,7,7,6,7,7
947,male,44,1,1,1,1,4,1,4,4,4,1,4,4,4,4,4,7,7,7,7
948,male,60,1,1,1,1,6,4,4,4,6,2,4,7,7,7,7,7,6,6,6
949,male,52,2,2,2,2,3,3,3,3,5,5,5,6,6,6,6,7,7,7,7
950,male,37,2,2,1,2,4,3,3,2,4,2,2,5,5,4,6,6,5,6,5
951,male,44,1,1,1,1,1,1,1,1,4,4,3,7,7,7,7,7,6,7,6
952,female,55,2,2,2,2,6,4,4,5,4,4,5,5,5,5,5,6,6,6,6
953,male,30,2,1,1,1,5,6,4,5,4,1,6,6,3,2,6,6,7,5,7
954,female,45,2,1,1,1,3,4,4,4,4,2,4,7,7,6,7,6,6,7,7
955,female,20,2,2,1,1,5,1,2,2,6,3,5,6,6,5,6,7,7,7,7
956,female,48,1,1,1,1,4,1,2,4,1,1,5,7,7,4,7,6,6,6,6
957,male,35,1,1,1,1,4,4,4,4,1,4,1,7,7,4,7,7,7,7,7
958,female,58,1,1,2,2,5,3,1,1,6,5,5,3,6,6,6,7,7,6,7
959,male,20,1,1,1,1,3,3,2,2,4,4,4,6,7,5,7,6,6,6,6
960,female,50,2,6,2,4,2,1,1,1,6,6,6,7,7,7,7,7,7,7,7
961,male,44,2,2,1,1,3,4,4,3,5,4,4,6,6,5,6,1,2,1,1
962,male,40,2,2,2,1,2,4,2,4,2,2,3,6,7,7,7,7,7,7,7
963,female,50,2,2,2,2,4,4,2,2,3,2,5,6,6,6,6,6,6,6,6
964,female,65,3,2,1,2,3,3,3,3,4,4,4,5,6,5,5,7,7,6,6
965,male,57,1,1,1,1,5,3,3,3,2,2,4,5,6,5,5,6,6,6,6
966,male,49,1,5,1,1,4,4,4,4,2,1,2,7,6,7,7,7,7,7,7
967,female,42,3,5,3,3,3,2,2,2,5,3,2,6,6,3,6,6,6,6,7
968,male,42,1,4,1,1,1,1,1,2,6,5,5,7,7,4,7,7,7,7,7
969,male,61,2,2,1,2,6,5,2,2,4,3,4,2,2,2,1,5,6,6,5
970,female,65,1,1,1,1,2,2,2,2,4,2,2,7,7,5,6,6,6,6,7
971,male,54,1,1,1,1,3,3,2,4,4,4,4,7,7,7,7,7,7,6,7
972,male,68,2,2,2,1,5,1,1,1,6,2,5,6,6,6,6,7,7,7,6
973,female,56,2,2,1,1,5,3,3,2,2,2,2,7,7,6,6,6,6,6,6
974,male,67,4,4,2,2,5,2,2,2,4,2,2,4,3,3,3,4,4,4,4
975,male,42,3,2,2,2,3,3,3,3,4,3,4,5,5,3,5,5,5,4,4
976,male,53,7,7,7,7,7,6,5,6,7,7,7,1,1,1,1,1,1,1,1
977,female,24,3,1,4,2,5,4,4,4,4,3,4,5,5,5,5,7,6,6,6
978,male,60,2,2,2,2,5,5,5,3,5,2,4,6,6,6,6,6,6,6,6
979,female,30,2,2,1,1,2,2,2,2,2,2,2,6,6,6,6,6,6,6,6
980,male,53,3,3,1,1,3,3,2,2,6,2,5,6,5,5,6,6,6,6,6
981,female,36,3,5,1,1,3,3,2,2,5,1,5,7,7,7,7,6,7,7,6
982,male,39,1,1,1,1,6,6,6,6,6,1,1,6,6,6,6,7,7,7,7
983,male,45,4,2,3,4,5,2,2,3,4,4,5,6,6,6,6,7,7,7,7
984,male,41,2,1,1,2,2,2,2,4,4,3,2,5,5,4,5,6,7,6,6
985,female,62,2,1,1,1,6,6,6,6,6,5,5,5,3,3,2,6,6,6,6
986,male,65,1,1,1,1,3,2,2,3,4,2,4,7,7,5,5,5,6,6,4
987,male,60,2,1,1,1,5,4,4,4,2,2,3,6,7,7,6,7,7,7,7
988,female,25,3,3,2,4,4,3,3,3,5,5,5,6,6,5,6,7,6,6,6
989,female,49,1,3,2,2,4,4,2,2,4,4,4,7,7,6,6,7,7,7,7
990,male,67,2,2,1,2,2,2,1,1,5,2,2,7,7,7,5,6,6,6,6
991,female,35,3,2,1,1,3,2,2,2,6,3,3,6,6,6,6,7,7,7,7
992,male,19,5,3,2,1,2,1,2,2,3,3,4,6,6,7,6,7,6,6,7
993,male,42,6,5,4,4,3,3,3,3,7,6,6,5,5,5,5,6,7,6,7
994,male,45,1,1,1,1,5,5,1,1,1,1,1,7,7,7,7,7,6,7,7
995,female,50,1,1,1,1,2,2,2,2,4,1,1,7,7,6,6,7,6,7,7
996,male,42,2,3,5,6,4,5,5,5,5,4,4,5,4,5,5,5,6,6,5
997,male,18,1,3,1,1,2,2,2,2,2,1,5,7,7,3,7,6,7,6,6
998,male,27,1,1,1,2,5,4,3,3,6,4,7,7,7,7,7,6,6,6,6
999,female,44,2,1,1,1,3,3,3,3,7,4,4,6,6,4,6,7,5,6,7
1000,female,43,3,2,1,2,4,5,4,6,6,3,6,7,6,6,6,6,6,6,5
1001,male,41,2,2,2,1,1,2,1,1,5,2,2,5,6,6,6,7,7,5,6
1002,male,39,2,2,2,2,2,2,2,2,3,2,2,6,7,6,7,6,6,6,7
1003,female,43,1,1,1,1,6,1,2,1,5,3,3,7,7,7,7,6,5,7,6
1004,male,32,1,1,1,1,2,2,2,2,4,1,4,4,4,4,4,7,7,7,7
1005,female,41,1,1,1,1,4,4,4,4,6,5,5,7,7,7,7,7,7,7,7
1006,female,34,4,4,2,2,5,4,4,4,7,6,6,5,5,4,5,5,6,6,6
1007,female,41,3,2,1,2,2,2,2,2,4,1,5,7,7,7,7,6,6,6,5
1008,female,17,3,6,4,3,5,1,1,1,5,4,3,5,5,5,5,6,7,5,4
1009,female,36,1,4,2,2,5,4,4,4,7,4,4,7,7,7,7,7,7,7,7
1010,male,27,4,5,2,1,4,3,2,3,5,4,4,7,7,4,6,7,4,7,6
1011,female,48,1,4,1,1,4,1,1,1,1,1,4,7,7,6,7,7,7,7,7
1012,male,66,4,4,4,4,4,4,3,3,7,4,7,7,7,7,7,7,7,7,7
1013,female,19,1,2,1,1,1,2,2,2,4,4,3,6,7,5,6,7,7,6,7
1014,male,34,1,2,1,1,1,4,3,5,5,2,4,6,6,5,6,7,6,6,7
1015,male,25,2,3,1,2,3,2,2,1,6,4,5,6,6,1,3,4,5,5,6
1016,male,41,3,3,1,1,5,2,4,4,1,1,5,5,5,5,5,4,4,4,6
1017,male,53,1,2,2,2,2,2,2,2,6,4,5,4,4,4,4,4,6,5,4
1018,female,69,1,1,1,1,1,5,2,2,5,1,1,7,7,3,7,6,6,6,6
1019,male,42,2,3,2,2,3,2,2,2,2,1,3,7,7,7,7,6,6,5,6
1020,female,34,2,2,2,2,4,4,4,4,6,2,5,6,6,6,6,7,7,7,7
1021,male,37,4,3,3,4,5,4,4,4,4,4,5,7,7,7,7,7,5,6,6
1022,female,51,2,1,1,1,4,3,2,2,4,7,4,6,5,5,5,7,7,6,4
1023,male,50,2,6,2,1,2,3,2,2,4,2,2,6,6,6,6,6,6,5,5
1024,female,36,2,2,2,3,5,4,5,3,5,4,4,6,6,6,7,6,6,6,6
1025,female,47,4,4,3,4,5,4,4,4,4,4,5,5,6,5,6,6,6,6,6
1026,male,41,2,1,2,2,3,3,3,3,2,1,2,2,2,3,2,7,7,6,6
1027,female,52,2,4,4,3,4,4,4,4,4,4,4,5,4,4,4,5,6,6,6
1028,female,35,1,1,1,1,5,5,5,5,3,3,3,5,6,4,5,6,6,6,6
1029,male,68,4,4,1,4,6,4,4,4,4,4,5,6,6,4,5,6,6,6,6
1030,male,39,2,1,2,1,3,4,3,3,5,4,5,5,5,4,5,6,6,7,7
1031,male,42,4,3,4,4,4,2,2,2,5,4,4,7,7,7,7,7,7,7,7
1032,male,41,1,1,1,1,3,3,3,3,2,2,2,5,5,5,5,7,7,7,7
1033,male,36,2,2,1,2,1,1,1,1,4,1,1,7,7,7,7,7,7,7,7
1034,male,39,1,1,1,1,5,4,4,2,4,3,4,7,7,7,7,6,6,6,5
1035,male,65,1,1,1,1,1,1,1,1,2,1,2,6,7,5,5,7,6,6,7
1036,female,45,1,1,1,1,2,3,3,2,4,2,2,6,6,6,6,7,7,7,7
1037,male,48,1,1,1,1,2,2,2,1,1,1,6,7,6,5,5,7,7,7,7
1038,female,53,1,1,1,1,2,2,2,2,1,1,1,7,7,6,7,7,7,7,7
1039,male,41,2,1,2,1,3,4,3,3,5,3,5,7,6,3,6,2,1,2,1
1040,female,16,3,5,2,4,6,6,3,3,6,5,6,5,5,5,5,6,6,6,6
1041,male,54,4,4,3,4,5,4,3,3,6,5,6,6,5,4,5,6,5,6,6
1042,male,37,4,6,4,5,6,5,5,4,5,4,5,5,5,5,5,6,7,7,6
1043,female,35,3,2,2,2,2,2,2,2,2,2,2,5,5,2,5,2,1,2,1
1044,male,42,1,1,1,1,4,1,1,1,4,1,4,7,7,7,7,7,6,6,7
1045,male,33,3,5,1,2,4,3,2,2,5,3,5,5,3,4,5,2,2,2,2
1046,male,52,3,2,1,1,1,1,1,1,5,4,5,7,7,7,7,6,6,6,6
1047,male,53,4,3,2,4,4,4,4,4,6,5,6,4,4,5,5,6,6,6,6
1048,male,65,2,1,1,1,3,3,3,5,2,1,2,7,7,6,6,1,2,2,1
1049,female,18,2,3,1,1,4,3,4,2,4,1,4,7,5,1,5,6,6,6,7
1050,male,38,2,2,1,2,3,2,3,1,6,1,4,6,5,5,6,7,7,7,7
1051,female,40,5,3,4,3,5,4,4,4,6,4,4,4,5,3,5,5,4,6,4
1052,female,51,4,4,1,2,4,3,2,1,1,1,2,7,7,7,7,6,6,7,7
1053,male,51,3,4,3,3,3,3,3,3,4,3,3,5,6,5,5,6,6,5,5
1054,female,41,3,2,2,2,4,3,3,3,4,3,3,6,6,6,6,6,6,7,6
1055,male,35,1,1,1,1,3,3,3,3,5,5,5,7,7,7,7,7,7,7,7
1056,female,36,3,3,3,4,3,4,4,3,4,4,4,6,5,2,5,6,6,6,6
1057,female,63,2,2,2,2,3,3,3,3,4,2,2,5,7,5,6,6,6,6,7
1058,male,40,2,2,2,2,2,2,2,3,2,2,2,6,6,6,7,6,6,6,6
1059,male,40,2,2,2,2,2,2,2,2,2,2,2,6,7,6,7,6,6,6,6
1060,female,48,1,1,1,1,4,1,1,1,1,1,1,7,1,1,7,4,4,4,4
1061,male,48,3,2,2,2,6,3,5,5,6,4,5,7,7,5,7,6,6,6,6
1062,female,56,4,3,2,2,4,4,4,4,4,1,2,2,2,2,2,6,4,6,6
1063,male,52,2,5,2,1,1,2,3,1,3,2,4,5,6,3,3,7,7,7,7
1064,male,48,1,1,1,1,2,3,3,2,6,4,2,6,7,7,7,2,1,2,2
1065,male,62,4,1,1,4,6,4,4,4,5,4,4,4,2,2,2,4,4,4,4
1066,male,44,4,3,5,4,5,4,5,5,3,2,2,6,6,5,6,1,2,2,2
1067,female,49,2,4,2,4,3,2,3,2,6,4,2,6,6,5,7,7,7,6,7
1068,female,60,4,5,5,4,4,4,4,4,4,4,4,6,6,7,7,7,7,7,7
1069,female,56,2,2,2,2,5,3,3,3,4,4,5,6,6,6,6,7,7,6,6
1070,male,35,1,1,2,2,5,1,1,1,4,2,1,1,7,5,7,7,7,6,6
1071,female,48,4,4,3,3,2,4,2,2,2,2,2,7,7,4,7,7,7,7,7
1072,male,45,1,1,1,1,4,4,4,4,1,1,1,7,7,7,7,7,7,7,7
1073,male,58,2,1,4,2,5,5,6,6,4,4,5,5,5,3,4,4,4,4,4
1074,female,17,4,5,3,2,5,4,4,3,4,4,4,7,7,7,7,6,5,7,7
1075,male,53,2,3,2,1,5,3,3,3,5,4,5,5,6,6,6,7,6,6,7
1076,male,52,2,1,1,1,4,5,3,2,3,2,5,7,7,5,7,7,7,7,7
1077,female,18,3,5,3,4,4,3,2,3,5,2,4,4,4,4,4,5,4,5,4
1078,male,37,2,3,2,1,6,2,2,2,4,3,3,7,7,6,6,7,6,6,7
1079,female,48,3,1,2,2,3,2,2,3,5,4,5,7,6,6,6,6,4,6,6
1080,male,59,4,4,1,4,4,4,2,4,4,2,6,1,1,1,1,4,1,4,1
1081,male,44,2,2,2,2,4,4,4,4,4,2,4,4,5,4,4,6,6,5,5
1082,male,16,4,5,4,6,4,4,4,5,7,5,6,2,2,2,3,5,5,5,4
1083,male,54,2,1,1,2,1,2,1,2,4,1,2,7,7,7,7,6,6,6,4
1084,male,45,1,1,1,1,4,1,2,2,5,1,4,7,7,7,7,1,1,1,1
1085,female,49,1,2,1,2,2,2,2,2,3,1,5,6,6,3,6,7,7,6,6
1086,male,48,1,1,1,1,2,2,4,2,4,2,4,4,5,2,4,5,7,6,5
1087,female,45,2,3,1,4,4,4,4,4,6,2,4,7,7,7,7,7,7,7,7
1088,female,26,4,5,4,4,5,5,5,5,7,7,7,4,3,3,3,3,3,4,5
1089,male,42,2,3,3,2,1,3,2,3,7,5,2,7,6,6,6,5,6,4,6
1090,male,44,2,2,1,1,2,2,2,2,2,2,4,4,4,4,4,7,7,7,7
1091,male,15,1,1,1,1,4,2,1,1,4,1,4,7,7,7,7,7,7,4,6
1092,male,50,2,2,2,2,3,2,2,2,4,2,4,6,6,4,6,6,5,6,5
1093,male,22,4,1,1,1,4,4,4,4,4,4,4,4,4,4,4,6,7,5,6
1094,female,51,2,2,1,1,3,3,3,4,3,1,3,7,7,7,7,5,6,6,6
1095,male,61,4,4,4,4,4,4,4,4,4,4,4,4,4,4,4,4,4,4,4
1096,male,44,4,3,1,1,1,3,3,3,4,3,3,5,7,5,6,6,6,7,7
1097,male,62,1,1,1,1,4,4,4,4,1,1,1,7,7,1,7,7,7,7,7
1098,female,53,2,2,2,5,6,4,2,2,4,4,5,6,6,6,4,6,6,4,7
1099,male,17,2,3,2,1,3,3,3,4,7,5,7,6,6,5,5,4,6,6,4
1100,male,62,2,1,1,2,2,2,2,2,4,2,4,7,7,7,7,6,6,6,7
1101,male,46,2,1,1,1,4,1,1,1,1,1,5,7,7,6,7,7,7,7,7
1102,male,34,1,1,1,1,1,1,1,1,4,1,1,7,7,7,7,7,7,7,7
1103,male,45,2,2,2,2,3,2,2,2,4,2,2,6,6,6,6,6,6,6,7
1104,male,51,1,1,1,1,3,4,4,4,5,1,6,4,5,5,5,7,7,7,7
1105,male,57,1,1,1,1,2,3,2,2,4,4,4,5,6,6,6,7,6,6,6
1106,male,53,2,1,1,2,2,2,2,2,5,1,1,6,5,5,5,5,5,5,5
1107,male,57,4,4,1,4,4,4,3,4,5,2,4,6,6,7,6,7,6,7,7
1108,female,44,3,3,3,3,4,3,4,3,5,4,4,5,5,5,5,6,6,7,6
1109,male,53,6,3,1,2,4,2,2,2,3,1,2,7,7,7,7,6,7,6,6
1110,female,27,3,3,1,1,6,4,4,4,6,3,4,7,7,7,7,6,7,7,7
1111,female,20,2,3,1,1,2,2,1,1,5,2,2,5,6,4,5,3,2,3,3
1112,male,64,4,5,4,5,4,4,4,4,5,5,5,4,5,5,5,4,4,5,5
1113,male,46,5,4,4,2,6,4,3,4,6,6,4,6,6,6,6,6,7,7,7
1114,female,30,2,2,1,1,3,2,4,1,5,3,2,6,6,6,6,7,7,5,6
1115,female,49,3,2,2,3,5,4,4,3,6,4,4,5,6,6,6,7,7,6,6
1116,male,47,1,2,1,2,4,2,5,3,6,4,5,6,5,5,7,6,6,6,6
1117,male,41,5,5,3,4,3,4,3,3,5,4,5,5,5,5,5,5,6,6,5
1118,female,26,2,1,1,1,3,3,4,3,4,3,5,6,7,6,7,7,6,6,6
1119,male,31,3,2,1,2,2,3,2,2,5,1,5,5,5,4,5,6,6,6,6
1120,male,21,3,2,1,5,3,3,2,2,5,4,3,2,5,4,5,5,5,6,4
1121,male,49,2,2,2,2,4,4,4,4,4,4,4,6,6,6,6,6,6,6,6
1122,male,39,5,3,1,5,3,4,5,5,3,2,5,4,6,5,5,7,7,6,7
1123,female,45,1,1,1,1,5,5,5,5,4,4,4,7,7,7,7,7,7,7,7
1124,male,37,2,3,4,1,4,3,3,3,4,2,4,6,5,4,6,2,1,2,1
1125,female,38,2,2,1,1,4,4,4,4,7,4,4,6,6,4,4,6,6,7,6
1126,male,48,3,3,2,2,6,6,5,5,5,2,5,7,7,6,6,6,6,7,7
1127,female,34,3,1,1,1,4,2,2,2,5,1,2,6,6,6,6,6,4,7,6
1128,female,40,2,1,2,1,3,2,2,1,2,1,3,7,6,3,7,7,7,7,7
1129,male,47,2,3,2,2,3,3,3,3,5,4,4,5,5,5,5,6,6,6,5
1130,male,43,1,1,1,1,6,5,5,3,4,1,5,7,7,7,7,1,1,1,1
1131,female,47,1,1,1,1,4,1,1,3,1,1,1,7,7,5,7,7,7,7,7
1132,female,47,1,1,1,1,5,5,5,3,5,1,5,7,7,7,7,7,7,7,7
1133,male,47,1,1,1,4,4,4,4,4,4,1,4,7,3,7,7,7,7,7,7
1134,female,59,1,1,1,1,4,1,1,1,1,1,1,7,7,4,7,7,7,7,7
1135,male,42,1,1,1,1,3,2,2,2,4,1,1,6,6,5,5,7,7,7,7
1136,male,33,2,2,1,1,4,4,2,2,5,2,3,6,4,3,5,7,6,6,7
1137,female,27,3,3,2,2,5,4,3,3,6,4,5,6,5,6,5,6,6,6,6
1138,male,46,1,1,1,1,2,4,1,1,4,2,3,4,2,2,4,6,4,6,6
1139,female,37,2,2,2,1,4,6,5,3,4,1,4,6,6,5,7,6,7,6,6
1140,male,51,1,2,2,1,5,2,1,1,5,2,2,7,7,7,7,7,7,7,7
1141,male,49,1,1,1,1,4,4,4,3,6,4,4,7,6,6,6,7,7,6,6
1142,female,16,2,4,1,2,6,3,2,2,5,4,5,7,7,6,5,6,7,6,7
1143,female,35,7,7,7,7,1,1,1,2,5,1,1,6,6,2,7,1,1,1,1
1144,female,43,2,2,2,3,2,2,2,2,5,2,5,6,6,6,6,6,5,6,6
1145,female,41,3,4,2,2,2,2,2,2,3,2,5,6,6,4,6,5,6,7,6
1146,male,36,2,1,1,2,5,2,2,2,5,4,4,7,7,6,7,7,6,7,7
1147,male,39,3,2,2,2,5,3,3,3,6,3,5,3,1,2,3,6,6,6,6
1148,male,18,2,2,1,2,4,2,2,2,4,3,3,5,5,5,5,7,6,7,6
1149,female,48,7,1,1,1,4,4,4,4,4,1,4,7,7,4,7,7,7,7,7
1150,male,40,1,1,1,1,6,4,1,1,4,3,4,6,6,6,6,7,7,6,6
1151,male,36,5,2,2,1,6,3,2,4,4,3,2,6,6,5,7,7,7,7,7
1152,male,54,1,1,1,1,2,2,3,3,5,4,3,7,7,6,7,7,7,7,7
1153,male,59,1,1,1,1,4,1,1,1,4,2,2,7,7,4,7,7,7,7,7
1154,female,24,1,2,1,1,3,2,2,1,4,1,2,7,7,4,7,7,7,7,7
1155,female,40,1,1,1,1,2,2,2,2,4,2,3,7,7,7,7,7,7,7,7
1156,male,47,1,1,1,2,5,2,2,2,6,1,5,7,7,7,7,7,7,7,7
1157,male,45,2,2,2,2,4,4,4,4,3,1,5,5,5,4,5,4,4,4,4
1158,female,49,3,4,4,2,4,2,4,4,2,4,4,5,4,4,4,6,6,5,5
1159,female,40,5,5,5,4,3,3,2,2,5,4,4,6,5,7,6,5,6,7,6
1160,male,47,1,1,1,1,1,1,1,1,1,1,3,7,7,7,7,7,7,7,7
1161,female,55,5,5,5,5,6,6,4,3,6,5,5,4,7,7,6,6,4,5,5
1162,female,28,2,4,2,1,4,4,4,4,7,4,4,7,7,2,7,7,7,7,7
1163,female,29,3,3,2,2,2,2,2,2,3,3,5,6,6,6,6,6,6,6,7
1164,female,52,2,1,1,1,5,3,2,2,4,2,2,7,7,7,7,7,7,7,7
1165,male,44,1,1,1,1,2,1,1,1,1,1,1,7,7,4,7,7,7,7,7
1166,female,38,4,4,2,2,2,2,2,2,5,3,3,7,7,5,7,6,5,6,5
1167,female,19,1,3,1,1,4,3,3,3,4,2,4,5,6,4,6,7,7,6,6
1168,female,40,1,1,2,2,5,5,5,5,5,2,2,6,6,5,5,1,2,1,1
1169,male,39,2,2,2,2,3,2,2,2,1,1,3,6,5,4,4,5,4,5,6
1170,female,21,2,2,1,2,5,2,4,3,5,1,4,7,7,5,7,6,6,7,7
1171,female,28,1,1,1,1,5,1,1,1,2,1,5,6,7,7,7,1,1,1,1
1172,male,39,4,5,4,2,4,4,5,3,4,4,5,5,5,4,6,4,6,6,4
1173,female,30,2,4,1,2,3,3,3,3,2,1,2,5,5,3,5,6,4,6,6
1174,male,48,2,1,1,1,2,2,2,2,2,2,2,7,7,7,7,7,7,7,7
1175,male,56,1,1,1,1,5,2,2,1,1,1,2,7,7,6,6,7,7,7,7
1176,female,39,2,2,2,1,2,2,2,2,4,4,4,7,7,7,7,6,6,6,6
1177,female,41,2,2,1,2,7,2,1,2,5,3,5,6,3,5,5,7,7,7,7
1178,female,51,1,1,1,1,4,3,3,3,1,1,1,7,7,7,7,7,7,7,7
1179,male,35,4,1,1,1,5,3,4,4,4,3,5,6,6,3,6,6,6,7,7
1180,male,48,3,1,4,1,4,5,6,5,5,2,5,5,5,3,3,6,6,7,6
1181,male,36,1,1,1,1,4,2,2,2,5,4,4,1,1,1,1,5,6,6,7
1182,male,41,1,1,1,1,1,1,1,1,5,1,4,6,6,4,6,7,7,6,5
1183,male,63,4,4,5,5,4,6,6,5,7,6,7,4,4,1,1,4,3,2,1
1184,female,35,4,3,1,4,3,5,3,5,4,1,5,5,5,3,5,6,5,6,6
1185,female,36,1,1,1,1,4,1,1,1,4,1,1,7,5,4,6,7,7,7,7
1186,male,55,2,2,2,2,4,3,3,3,4,3,3,5,5,5,5,7,7,7,7
1187,female,33,2,2,2,2,3,4,4,4,5,4,3,3,4,3,4,5,4,5,5
1188,male,53,2,2,2,2,3,4,3,4,4,2,4,6,6,5,5,6,6,6,7
1189,male,68,4,1,1,1,4,4,4,4,5,4,4,6,6,4,6,7,6,6,6
1190,male,61,2,2,2,2,2,2,2,2,5,2,2,6,6,6,6,6,6,7,7
1191,female,51,3,4,1,3,5,1,2,2,4,1,5,5,5,5,5,4,3,5,5
1192,female,59,3,2,1,2,3,2,2,2,5,2,2,6,6,6,6,5,6,7,7
1193,female,27,4,4,1,1,4,2,3,2,4,3,3,7,7,7,7,6,5,6,5
1194,female,34,4,3,4,3,3,3,2,2,6,4,6,5,4,5,4,6,6,6,5
1195,female,22,1,1,1,1,1,1,1,1,5,1,1,6,6,6,6,5,3,5,5
1196,male,43,3,3,3,4,3,4,4,4,3,3,3,5,5,5,4,5,5,6,5
1197,female,70,4,5,4,6,4,4,3,4,6,4,4,4,6,5,5,4,6,6,6
1198,male,62,4,3,2,2,4,2,2,2,5,4,5,6,6,6,6,6,6,6,6
1199,female,44,4,4,4,4,4,3,3,3,6,6,6,6,6,5,6,6,6,6,6
1200,female,34,1,1,1,1,1,1,1,1,2,1,1,7,7,5,7,7,7,7,7
1201,female,52,4,1,1,1,1,4,4,4,4,4,4,5,5,7,6,4,5,5,6
1202,male,41,1,1,1,1,4,4,4,3,4,2,4,5,6,5,6,7,7,6,6
1203,male,51,2,2,2,2,5,4,4,4,4,4,4,6,5,5,4,6,6,6,5
1204,male,20,1,1,1,1,1,2,2,1,4,1,2,3,5,2,7,5,6,6,6
1205,male,51,2,3,1,2,2,2,3,3,3,2,3,4,7,5,6,6,6,6,7
1206,male,58,2,4,2,2,5,2,2,3,4,4,6,6,6,6,6,5,6,6,6
1207,male,45,2,2,2,1,3,3,3,3,5,5,4,4,3,2,2,4,5,4,4
1208,male,34,1,3,1,1,2,2,1,2,4,4,6,7,7,7,7,7,7,7,7
1209,female,47,2,2,2,2,6,5,5,5,5,4,2,6,5,5,6,5,6,5,5
1210,female,37,2,2,2,1,5,3,3,3,3,2,4,6,6,3,5,6,6,6,6
1211,female,20,3,3,2,4,4,3,3,4,4,3,3,6,6,6,6,5,7,7,6
1212,male,54,2,2,1,1,3,3,3,2,2,1,2,6,6,6,6,6,6,7,6
1213,female,29,4,5,3,2,5,4,5,5,4,4,5,5,6,5,7,6,6,5,6
1214,female,53,4,4,2,4,5,4,3,4,3,4,4,5,4,4,3,6,7,6,6
1215,male,44,5,5,2,2,6,2,2,2,6,3,3,7,7,7,7,7,7,7,6
1216,male,29,3,5,2,2,4,2,2,2,5,3,3,6,6,6,6,6,7,6,6
1217,male,50,3,4,1,1,4,3,3,3,4,1,3,7,7,7,7,5,4,4,5
1218,male,52,4,2,3,3,4,4,3,3,5,4,5,5,6,5,6,4,5,5,5
1219,male,56,2,2,2,2,2,2,4,4,5,4,4,5,5,4,6,6,6,6,6
1220,male,50,2,2,1,1,5,4,2,2,6,4,7,7,7,7,7,7,7,7,7
1221,male,19,1,3,1,1,4,1,2,2,4,2,4,6,6,5,6,7,6,6,6
1222,male,23,2,2,1,1,5,1,1,1,2,1,1,7,7,7,7,6,6,6,6
1223,male,58,1,1,1,1,2,2,2,2,1,1,2,7,7,6,7,7,7,6,7
1224,male,38,2,1,1,1,3,3,3,3,5,2,4,6,6,3,6,6,4,6,6
1225,female,33,1,1,1,1,6,6,4,4,6,1,1,7,7,5,7,1,1,1,1
1226,male,45,2,2,2,2,2,2,2,2,2,2,3,6,6,5,6,6,6,6,6
1227,female,54,1,1,1,1,2,2,2,3,5,1,5,6,7,7,6,7,7,7,7
1228,male,27,3,1,1,1,4,3,3,3,5,3,6,7,6,6,6,6,7,7,7
1229,female,25,2,1,1,1,5,4,2,2,4,2,3,7,7,5,7,7,7,7,7
1230,male,44,2,2,3,1,1,1,1,1,3,2,1,6,6,6,7,5,6,7,7
1231,male,52,2,2,2,3,2,2,3,3,3,2,2,7,7,7,7,6,6,6,7
1232,male,37,4,1,5,1,5,4,4,3,6,4,6,6,7,7,7,7,7,7,7
1233,male,51,5,5,3,4,6,5,5,6,6,4,5,5,2,5,5,6,6,6,5
1234,male,51,1,1,1,1,1,1,1,1,4,1,5,6,6,1,6,7,7,7,7
1235,male,30,4,4,4,4,4,4,4,4,7,6,5,7,7,4,4,5,6,5,5
1236,male,51,2,2,2,2,5,3,3,2,6,2,4,6,6,6,6,6,6,6,7
1237,male,38,4,6,3,4,4,5,5,4,6,4,5,6,5,5,5,4,5,5,5
1238,male,55,4,4,4,3,4,4,4,4,5,4,5,3,3,2,3,5,6,5,6
1239,female,24,1,1,1,1,1,1,1,1,3,1,2,7,7,7,7,7,7,7,7
1240,male,24,2,1,2,3,4,1,1,1,2,3,1,2,2,3,2,7,7,7,6
1241,female,30,1,1,1,1,4,1,1,1,3,1,1,7,7,6,7,7,7,7,7
1242,male,69,2,1,1,2,1,1,1,1,1,1,1,7,7,7,7,6,5,5,6
1243,male,41,1,1,1,1,4,1,1,1,1,1,1,7,7,7,7,7,6,7,7
1244,female,35,1,1,1,1,1,1,1,1,4,1,1,4,7,4,7,7,7,7,7
1245,male,41,2,1,1,1,3,2,2,2,3,1,5,7,7,7,7,7,7,7,7
1246,female,22,3,4,2,2,4,4,4,3,4,2,6,6,6,4,6,7,7,7,7
1247,female,37,2,2,1,1,2,1,1,1,4,1,4,6,6,3,2,7,7,7,7
1248,male,17,1,5,1,4,7,1,1,1,4,1,4,1,1,1,1,7,7,7,7
1249,female,35,1,2,1,1,1,1,1,1,4,1,4,7,7,7,7,7,7,7,7
1250,male,54,2,4,2,6,5,4,4,3,6,5,4,6,6,5,5,6,6,6,6
1251,male,58,1,1,1,1,2,1,1,1,1,1,1,7,7,7,7,7,7,7,7
1252,male,38,2,6,2,2,6,5,5,5,5,3,2,5,3,3,4,2,1,3,3
1253,male,67,3,3,4,3,5,5,5,5,5,4,4,5,5,5,5,6,6,6,6
1254,female,56,3,1,1,1,4,4,4,4,4,1,6,7,7,7,7,6,6,6,7
1255,female,33,2,1,1,1,5,3,3,3,4,2,5,6,7,2,6,6,5,6,6
1256,female,47,1,1,1,1,1,1,1,1,3,1,6,7,7,6,7,7,7,7,7
1257,female,51,3,1,1,1,3,2,2,2,6,2,2,7,7,7,7,6,6,6,6
1258,male,53,2,1,1,1,2,4,4,4,4,2,2,6,6,4,6,6,6,6,6
1259,female,40,4,6,4,2,4,4,4,4,4,1,7,6,6,6,6,4,4,4,4
1260,female,36,2,1,3,4,5,5,5,5,4,2,6,7,7,2,7,7,7,7,7
1261,male,67,4,5,3,3,5,3,4,4,7,6,4,7,7,7,7,6,5,7,6
1262,male,53,3,2,2,2,4,4,4,4,6,4,4,5,5,5,5,6,6,6,7
1263,male,51,1,1,1,1,6,1,1,1,6,6,5,7,7,7,7,7,7,7,7
1264,male,49,1,1,1,1,1,1,1,1,6,5,4,7,7,7,7,6,6,6,6
1265,female,44,1,1,1,1,1,1,1,1,1,1,1,7,7,7,7,7,7,7,7
1266,female,25,2,3,1,2,2,2,2,2,5,1,5,7,2,5,5,7,6,7,7
1267,male,44,2,2,3,4,4,2,2,2,4,4,5,6,6,6,6,6,6,7,7
1268,female,15,1,4,2,1,7,4,1,1,5,4,4,7,7,7,7,5,6,6,4
1269,male,64,4,1,1,1,4,4,4,4,2,1,1,7,7,7,5,7,6,7,7
1270,male,54,2,4,1,1,4,4,4,4,2,2,2,6,6,6,6,4,5,5,6
1271,female,40,1,1,1,1,3,2,2,3,3,2,2,6,7,6,7,7,7,7,6
1272,male,22,1,2,1,1,2,2,4,3,2,1,3,6,4,3,6,6,6,4,6
1273,female,44,1,1,1,1,4,4,4,4,4,4,2,7,7,5,5,7,7,7,7
1274,male,52,1,1,1,1,2,3,3,3,4,4,4,5,5,4,5,1,1,1,1
1275,female,27,1,1,2,2,4,4,4,4,2,1,1,6,7,7,7,7,7,6,7
1276,female,45,2,1,1,1,2,3,2,2,4,4,2,7,7,6,7,7,7,7,7
1277,female,50,2,1,1,1,4,2,2,2,1,1,1,7,7,5,7,7,5,7,7
1278,female,36,4,4,2,4,4,2,4,3,4,2,4,6,6,6,6,5,6,5,6
1279,male,47,2,2,1,1,3,1,1,2,4,4,4,6,7,7,7,6,6,6,7
1280,male,56,4,3,2,5,4,4,5,5,6,3,6,6,6,5,5,7,6,7,6
1281,female,25,1,2,1,4,5,2,2,2,5,3,4,7,7,7,7,7,6,7,7
1282,female,41,4,3,4,5,4,4,4,4,5,4,4,5,5,4,6,4,4,6,5
1283,female,44,2,2,1,1,6,4,2,2,4,2,4,6,7,2,6,7,7,7,7
1284,male,50,4,2,1,2,5,4,2,2,6,2,4,2,2,2,2,5,6,6,7
1285,male,39,1,1,1,5,5,2,4,4,4,1,1,6,6,6,7,7,6,6,6
1286,female,20,1,1,1,1,3,2,1,2,7,2,1,7,7,4,7,7,6,7,7
1287,male,44,2,2,4,3,2,2,2,2,3,4,5,5,5,2,2,4,4,5,5
1288,male,31,2,5,2,1,5,4,2,2,3,2,2,6,6,4,6,7,7,7,7
1289,male,38,1,1,1,1,5,5,2,2,5,1,6,7,7,7,7,1,1,1,1
1290,female,16,1,6,1,1,3,1,2,2,7,1,4,6,7,4,7,7,7,7,7
1291,male,62,4,2,1,1,2,2,2,2,2,2,2,6,5,4,4,6,6,6,7
1292,male,70,4,2,2,3,4,5,3,4,4,2,5,6,5,5,6,6,5,6,6
1293,female,45,1,1,1,1,2,1,1,1,1,1,1,7,7,7,7,7,7,7,7
1294,female,45,3,2,3,3,5,5,4,3,5,4,5,5,5,5,5,5,6,5,5
1295,female,17,4,4,3,5,4,4,4,3,6,5,6,6,5,5,5,6,5,7,6
1296,female,59,1,1,1,1,6,2,2,2,5,1,6,7,7,7,7,7,7,7,7
1297,male,43,2,2,1,3,2,2,1,1,2,1,2,5,5,6,5,6,6,6,6
1298,female,17,3,4,1,1,4,2,2,2,4,4,4,5,6,6,6,6,7,6,3
1299,male,25,1,1,1,2,2,3,3,3,6,4,6,6,7,3,7,7,7,6,7
1300,female,34,4,4,3,2,4,2,4,4,5,4,5,5,4,3,4,4,5,5,5
1301,male,57,3,4,3,3,5,4,4,5,5,5,6,6,6,5,5,6,6,6,6
1302,male,61,4,4,4,2,5,5,4,4,5,4,5,6,6,6,6,6,6,6,6
1303,male,70,4,4,4,4,5,4,4,4,5,4,5,5,5,5,5,6,6,6,6
1304,male,53,4,1,2,4,7,1,2,2,7,6,6,4,6,2,5,4,6,7,5
1305,male,62,2,2,1,2,3,2,2,2,5,4,4,7,7,7,7,7,6,7,7
1306,female,44,1,1,1,1,1,1,1,1,1,1,1,5,6,6,6,7,7,7,7
1307,male,63,2,2,2,2,5,5,4,4,4,4,5,7,7,7,7,7,7,7,7
1308,female,43,1,1,1,1,2,2,2,2,5,4,4,1,1,1,1,7,7,7,7
1309,female,29,1,1,1,1,1,2,2,2,1,1,1,1,3,3,2,7,7,7,7
1310,male,49,4,3,1,1,1,1,1,1,2,1,3,7,7,5,7,7,7,7,7
1311,male,58,2,2,2,2,4,4,4,4,4,4,4,7,7,7,7,6,7,6,6
1312,male,33,1,1,1,1,5,4,4,4,4,1,4,6,6,5,6,7,7,7,7
1313,female,30,5,1,1,1,1,1,1,4,1,1,6,7,7,7,7,7,7,7,7
1314,female,46,5,3,2,2,6,6,5,5,3,2,3,5,2,2,2,6,6,6,6
1315,female,55,2,2,2,2,1,1,1,1,2,2,2,6,6,6,6,6,6,6,6
1316,male,23,2,2,2,1,5,2,2,1,5,4,4,5,4,4,5,6,4,5,7
1317,male,51,4,3,2,2,3,3,2,3,5,4,5,6,5,4,5,6,6,6,7
1318,female,44,3,3,3,3,6,5,5,5,5,5,6,5,5,5,5,6,6,6,6
1319,male,49,5,2,2,2,4,2,2,2,6,4,4,6,6,4,4,7,7,7,7
1320,female,54,1,1,1,1,4,4,4,4,5,5,5,7,7,1,7,7,4,7,7
1321,male,15,5,6,2,5,6,3,3,3,7,6,7,6,5,6,7,4,7,6,3
1322,female,39,1,1,1,1,4,4,2,2,4,1,5,7,7,7,7,7,6,6,6
1323,male,48,1,2,2,2,7,2,4,2,4,2,4,7,7,7,7,6,6,6,6
1324,female,59,2,1,1,1,2,3,3,3,2,1,2,6,6,5,5,6,6,6,6
1325,male,45,2,2,2,2,2,2,2,3,4,4,5,6,6,5,6,6,6,6,6
1326,male,41,1,1,1,1,4,4,3,2,3,2,3,5,5,5,5,7,7,7,6
1327,female,40,3,2,4,5,5,4,4,4,7,4,4,5,5,4,4,5,6,5,3
1328,male,57,4,4,4,4,4,4,4,4,5,3,5,5,5,5,5,6,7,6,6
1329,male,60,4,3,4,4,4,4,4,4,5,4,4,4,4,4,4,6,6,6,6
1330,male,40,2,2,2,2,2,2,1,1,4,3,1,7,6,6,6,7,6,7,6
1331,female,42,2,1,1,1,3,2,2,2,5,3,5,7,7,7,7,7,7,7,7
1332,female,27,2,1,1,1,2,4,4,3,5,6,6,1,1,1,1,6,6,6,6
1333,male,41,1,2,2,1,2,2,3,2,1,1,2,7,7,4,7,7,7,6,7
1334,female,40,2,2,2,2,2,2,2,2,4,3,3,5,5,3,5,4,4,6,6
1335,female,62,2,1,1,1,4,4,4,4,4,4,4,6,6,6,6,7,7,7,7
1336,male,44,2,1,1,1,5,1,2,3,2,1,3,2,5,1,6,6,6,6,6
1337,female,26,2,4,1,4,2,4,2,3,5,4,4,6,7,5,6,6,7,7,6
1338,male,45,1,2,2,2,4,4,3,3,2,1,2,6,6,6,6,7,7,7,7
1339,male,45,2,1,1,1,4,2,3,3,4,2,4,7,6,5,6,1,1,1,1
1340,male,41,4,4,4,4,6,5,5,5,6,4,4,6,6,6,6,7,7,7,7
1341,male,49,3,2,2,3,3,4,4,3,4,3,3,5,6,6,6,6,5,6,5
1342,male,46,2,3,2,1,4,5,2,4,4,1,6,7,7,6,7,7,7,7,7
1343,female,30,5,2,2,2,6,5,4,3,4,2,5,7,7,2,6,6,7,7,4
1344,male,56,2,2,2,2,1,1,1,1,4,2,4,5,5,5,4,4,4,4,4
1345,female,24,1,1,1,1,2,2,2,2,1,1,1,2,2,2,2,7,7,7,7
1346,female,54,2,2,2,2,2,2,2,2,3,2,4,7,7,6,6,6,6,6,6
1347,male,71,5,5,6,5,6,5,5,5,2,2,3,5,5,5,6,6,6,6,6
1348,male,45,6,2,2,1,4,1,1,1,5,3,4,4,7,4,7,7,6,6,7
1349,female,70,4,4,4,3,7,6,5,6,4,4,5,2,2,2,2,5,4,4,4
1350,female,41,2,1,1,1,4,5,4,4,4,4,4,5,6,6,6,7,7,7,7
1351,male,50,2,3,2,2,6,5,5,5,6,5,6,6,6,6,6,6,6,6,6
1352,male,38,4,5,4,2,6,5,5,5,7,6,5,5,5,6,6,5,5,6,6
1353,male,61,4,1,2,2,3,3,3,3,3,4,3,6,5,5,5,1,1,1,1
1354,female,45,4,1,1,1,4,3,2,2,6,4,4,6,6,5,4,6,6,6,6
1355,female,50,1,1,1,1,1,4,1,1,1,1,6,1,1,1,1,1,1,1,1
1356,female,48,1,1,1,1,1,4,4,4,4,4,4,3,4,3,3,6,6,6,6
1357,female,56,1,1,4,2,3,2,3,3,5,3,5,6,7,4,5,4,6,7,6
1358,female,49,1,2,1,1,1,1,1,1,4,2,1,7,6,7,6,6,6,6,6
1359,female,39,3,3,3,3,3,3,3,3,4,3,3,6,6,5,6,5,5,5,5
1360,male,51,1,1,1,1,1,1,1,1,1,1,1,7,7,7,7,7,7,7,6
1361,female,31,2,2,1,2,4,2,1,1,1,1,3,7,7,4,7,6,6,7,7
1362,female,52,1,1,1,1,4,4,4,4,1,1,4,2,5,5,3,7,7,7,7
1363,male,42,4,3,4,3,4,3,3,3,4,4,4,4,4,3,3,6,6,6,6
1364,female,39,1,1,1,1,3,2,2,3,5,2,2,7,7,6,6,7,7,6,7
1365,male,55,4,2,2,4,5,3,3,3,4,4,4,7,7,7,7,7,7,6,7
1366,female,22,1,3,1,2,3,1,1,1,7,5,7,5,5,6,6,6,7,7,7
1367,female,22,1,1,1,1,1,1,1,1,7,7,7,7,7,2,7,7,7,7,7
1368,female,24,2,1,1,1,3,2,3,3,4,3,2,5,4,2,2,6,6,6,6
1369,female,37,1,1,1,1,3,3,3,3,4,2,5,6,6,4,6,7,7,6,7
1370,male,16,2,3,1,1,3,3,2,2,4,4,6,6,2,2,2,6,6,7,6
1371,female,40,2,2,3,2,5,5,5,5,5,5,5,5,5,5,5,6,6,6,6
1372,female,41,2,1,1,1,5,5,3,4,4,1,4,4,4,3,5,7,6,6,7
1373,male,18,2,2,2,1,5,5,3,3,5,4,4,3,3,3,6,6,6,6,6
1374,female,41,4,4,4,4,2,2,2,2,4,4,5,3,4,4,5,6,5,6,6
1375,male,45,2,2,2,2,5,3,2,3,4,3,3,5,5,6,5,6,6,6,6
1376,female,19,3,2,1,3,2,2,2,1,2,1,1,6,7,7,7,6,7,7,7
1377,female,68,3,1,1,1,5,5,4,3,6,4,4,5,4,4,4,6,5,5,5
1378,female,55,1,1,1,1,6,6,6,5,1,4,6,6,6,6,6,7,7,7,7
1379,male,51,2,2,1,2,2,2,2,2,2,2,1,6,6,4,6,5,6,6,5
1380,male,59,1,1,1,1,4,1,1,1,4,4,4,7,7,4,7,4,4,4,4
1381,male,54,3,2,3,2,3,1,3,2,4,3,4,5,6,5,6,4,4,6,6
1382,male,65,3,4,3,2,5,4,3,2,4,5,5,3,3,3,3,2,3,2,2
1383,female,61,5,3,2,2,2,2,2,1,1,1,1,4,4,4,4,5,6,6,6
1384,female,38,5,5,3,2,4,4,6,4,4,2,4,6,7,7,7,7,6,7,7
1385,female,37,4,4,3,4,4,3,3,3,5,3,4,4,5,4,5,6,5,6,5
1386,female,44,5,5,2,2,5,5,5,5,6,4,5,5,5,4,5,4,2,2,2
1387,male,29,4,3,1,2,4,5,4,4,5,4,5,5,5,4,5,6,5,5,6
1388,male,48,3,2,3,2,5,2,3,2,6,5,6,5,6,5,6,6,7,5,6
1389,female,34,1,1,1,1,2,2,2,2,4,1,4,7,7,7,7,7,7,7,7
1390,male,37,2,2,1,1,4,4,2,1,4,4,4,6,4,1,4,4,4,4,4
1391,female,37,1,1,1,1,6,3,3,3,4,1,1,6,6,5,7,6,5,6,5
1392,female,46,1,1,2,1,6,6,6,6,5,5,5,7,7,7,7,4,5,4,3
1393,female,45,2,1,1,1,2,1,1,1,4,2,2,6,5,5,5,6,6,6,6
1394,female,20,1,3,1,1,6,3,2,2,2,1,4,6,6,2,6,6,6,6,6
1395,female,21,2,2,1,2,2,1,1,1,4,2,2,6,6,6,6,6,6,6,6
1396,male,23,2,2,1,3,4,3,2,2,6,6,6,5,5,5,5,7,6,6,6
1397,male,45,1,1,1,1,2,2,1,2,4,1,2,7,7,5,7,5,5,6,4
1398,male,54,5,4,5,4,5,4,4,4,5,5,5,4,4,4,4,5,6,6,5
1399,female,41,2,3,3,5,3,4,3,3,5,4,6,6,6,3,6,3,5,4,4
1400,male,39,3,4,3,3,3,1,2,2,2,3,4,5,5,5,6,2,2,2,2
1401,female,35,4,4,3,4,5,5,5,5,5,4,6,5,6,5,5,5,5,4,5
1402,female,34,2,2,2,2,4,4,4,4,5,3,5,6,6,3,6,7,7,6,6
1403,male,41,2,2,2,2,6,6,6,6,6,3,6,5,6,6,6,6,7,6,6
1404,female,31,2,1,1,2,2,1,1,1,1,1,4,7,7,7,7,6,6,7,6
1405,male,21,3,2,2,2,2,2,2,2,4,3,4,5,6,5,5,6,6,5,6
1406,female,36,5,1,3,2,5,5,3,3,5,4,6,4,5,1,4,6,4,5,4
1407,female,60,5,4,4,4,3,4,3,3,5,4,4,5,6,6,6,6,6,5,5
1408,male,25,1,2,1,1,3,2,1,2,3,3,3,7,6,4,6,7,7,7,7
1409,male,54,3,1,3,2,3,2,2,2,2,2,2,7,5,5,7,6,7,6,7
1410,female,17,1,1,1,1,7,4,1,1,1,1,5,7,7,7,7,7,7,7,7
1411,male,16,2,3,1,1,6,4,4,4,3,2,2,7,6,1,5,6,5,6,5
1412,female,42,1,2,1,1,5,3,4,3,6,3,5,7,6,6,6,4,6,6,6
1413,male,40,2,2,1,2,3,3,3,3,3,2,4,6,6,5,6,6,6,6,7
1414,female,40,2,2,1,3,1,1,1,1,5,2,5,7,7,4,7,5,6,6,7
1415,female,49,3,1,1,1,6,4,4,4,5,5,6,7,7,4,7,6,7,6,7
1416,female,35,1,1,1,2,6,4,4,3,4,2,5,6,6,5,6,1,1,2,1
1417,female,44,2,2,2,2,4,4,4,4,4,4,4,5,5,5,5,6,6,6,6
1418,female,54,4,4,4,4,4,4,4,4,4,4,4,4,4,4,4,7,7,7,7
1419,female,29,2,1,1,1,4,3,4,2,1,1,1,2,7,3,7,1,1,2,1
1420,female,55,2,1,1,2,2,2,4,3,4,2,2,7,3,1,7,6,6,7,6
1421,female,49,2,1,1,1,1,1,1,1,2,2,2,7,5,2,6,7,7,7,7
1422,female,55,1,1,1,1,4,4,1,1,1,1,3,7,6,4,5,7,4,5,3
1423,male,45,2,2,2,2,6,2,2,2,4,4,4,6,6,6,6,6,6,6,6
1424,male,40,1,1,1,1,4,4,4,3,4,1,4,6,6,4,5,1,1,1,1
1425,female,43,3,3,2,2,4,4,4,4,4,4,4,5,5,3,5,6,6,7,7
1426,female,26,2,3,1,2,6,2,2,2,5,2,6,7,7,5,6,7,6,7,7
1427,male,24,1,1,1,1,4,4,1,1,5,4,5,4,5,1,3,5,5,5,4
1428,female,37,4,4,3,5,5,4,4,4,5,4,4,6,6,5,6,6,6,6,7
1429,female,42,4,3,2,5,5,3,3,3,5,4,4,5,5,5,6,6,6,6,5
1430,female,49,2,2,2,1,4,3,3,2,4,3,4,5,6,4,6,6,5,6,6
1431,female,18,3,2,4,2,3,2,2,2,4,3,4,5,5,5,5,7,6,6,6
1432,female,42,3,2,2,2,3,3,3,3,6,4,4,6,5,6,6,6,6,6,6
1433,male,22,5,5,4,4,2,1,3,2,6,3,6,6,6,6,7,6,6,5,7
1434,male,19,3,4,1,4,4,3,3,3,5,3,4,6,5,4,5,6,6,6,6
1435,male,18,1,1,1,1,3,1,1,1,6,4,5,5,5,5,5,6,6,6,6
1436,female,23,5,6,6,6,5,5,5,3,5,5,5,6,6,5,6,1,2,1,1
1437,female,52,4,1,1,1,1,1,4,4,5,3,6,7,7,4,7,7,7,7,7
1438,male,60,3,3,2,2,4,3,3,3,5,4,6,5,5,5,5,5,4,3,5
1439,male,24,1,1,1,1,1,2,1,1,5,2,1,1,1,1,1,7,7,7,7
1440,female,45,1,5,1,1,1,1,1,1,7,1,7,7,7,7,7,7,7,7,7
1441,male,43,2,1,1,1,1,2,2,3,4,2,5,7,7,5,7,7,5,7,6
1442,male,29,1,1,1,1,1,1,1,1,1,1,4,6,7,5,7,7,7,7,7
1443,female,19,5,6,3,3,4,5,5,3,7,6,5,5,3,3,5,5,6,6,4
1444,male,38,5,5,4,5,5,6,5,5,5,3,5,5,5,4,5,6,6,5,6
1445,male,44,2,3,1,1,2,4,3,3,1,2,2,5,3,2,5,7,6,7,7
1446,female,62,1,1,1,1,4,4,4,4,2,1,4,7,7,7,7,7,7,7,7
1447,male,22,2,1,1,1,1,2,1,3,2,2,1,5,7,3,6,7,7,7,7
1448,male,54,1,2,2,2,3,5,3,3,5,4,2,7,7,5,7,7,7,7,7
1449,female,50,6,2,1,2,2,4,5,2,4,2,4,7,7,7,7,7,7,7,7
1450,female,40,2,2,4,3,3,4,4,4,5,3,4,5,4,4,5,2,2,1,2
1451,female,49,2,1,1,1,3,2,2,1,3,1,2,7,7,6,7,6,7,7,7
1452,male,41,1,1,1,1,2,2,3,2,6,2,4,7,7,4,7,7,7,7,7
1453,male,33,1,2,1,1,3,1,4,3,5,2,5,5,5,6,6,5,5,6,5
1454,male,45,1,1,1,2,4,5,4,4,4,2,5,7,7,7,7,6,7,6,7
1455,male,36,2,2,2,2,3,3,2,2,5,4,4,6,6,6,6,6,6,6,6
1456,male,57,2,1,2,2,6,5,4,4,2,1,6,6,6,6,6,7,5,6,6
1457,female,39,1,1,1,1,3,4,4,3,4,3,2,6,5,6,6,2,2,1,2
1458,male,23,2,1,1,1,2,4,2,1,5,3,6,5,6,4,6,6,7,5,3
1459,male,61,5,4,4,4,4,4,4,4,5,5,7,6,5,4,5,6,3,5,5
1460,female,43,1,1,1,1,3,2,2,2,2,2,3,6,6,6,6,7,6,7,7
1461,female,15,3,4,2,3,5,3,2,2,7,5,4,6,6,7,7,6,6,7,7
1462,male,68,3,1,1,1,2,2,1,1,2,1,1,7,7,7,7,5,5,6,7
1463,female,38,2,2,2,1,4,4,4,4,4,3,5,6,6,5,7,2,2,2,2
1464,male,57,3,3,2,2,6,5,5,4,6,4,4,4,4,4,5,5,6,5,6
1465,female,43,2,2,1,1,1,2,2,2,4,3,3,7,7,7,7,7,7,7,7
1466,male,42,1,1,1,4,5,2,1,1,2,1,4,7,7,3,6,7,7,7,7
1467,female,43,2,5,5,1,4,2,1,1,4,2,6,6,6,7,6,6,6,6,7
1468,male,51,2,2,2,1,2,3,3,3,1,1,3,7,7,4,6,6,6,6,7
1469,male,45,1,4,1,1,2,2,3,2,4,1,5,7,7,7,7,7,7,7,7
1470,male,27,2,1,1,4,4,3,3,3,4,3,4,5,6,5,6,6,6,6,6
1471,male,47,4,4,3,2,3,4,3,2,5,2,2,5,2,5,5,5,4,5,4
1472,female,30,1,2,1,1,5,3,1,1,5,5,6,6,5,2,5,6,5,6,5
1473,male,64,1,1,1,1,5,2,2,2,4,2,5,6,5,5,6,5,5,5,6
1474,female,43,2,2,2,2,2,4,4,4,5,1,5,6,6,6,6,7,7,6,6
1475,male,60,1,1,1,1,6,4,3,4,5,2,6,6,6,5,6,7,7,7,7
1476,male,52,5,3,4,5,1,1,3,3,6,5,6,5,5,5,5,4,4,3,3
1477,female,66,1,1,1,1,3,5,1,3,1,1,1,7,7,5,7,1,1,1,1
1478,female,17,2,1,1,1,3,2,2,2,5,4,4,7,6,6,6,7,7,6,6
1479,male,22,2,2,2,1,4,3,2,3,5,4,6,6,7,5,6,6,5,6,5
1480,male,30,4,6,2,1,4,4,4,4,7,3,4,7,7,7,7,1,1,1,1
1481,female,28,1,1,1,1,1,1,1,1,4,1,1,7,7,7,7,6,7,7,6
1482,male,41,2,2,1,2,4,2,1,2,4,1,4,6,7,7,7,7,7,7,7
1483,female,33,3,2,2,2,6,4,4,4,7,2,4,7,7,6,7,6,6,6,7
1484,male,41,2,3,2,1,2,2,1,2,5,2,5,7,7,7,7,4,6,6,6
1485,male,69,2,1,1,3,1,2,2,1,2,3,1,4,6,6,4,7,6,6,6
1486,female,20,1,1,1,1,3,2,1,1,4,1,1,7,7,4,7,7,7,7,7
1487,male,62,2,2,3,5,4,2,2,4,4,2,4,6,6,6,6,6,6,5,6
1488,male,50,4,4,4,4,5,4,4,4,6,5,5,7,7,4,7,6,6,6,6
1489,male,43,1,1,1,1,1,1,1,1,3,1,1,6,4,5,4,6,6,5,5
1490,male,58,2,2,1,1,4,1,1,1,4,1,3,7,7,7,7,7,7,7,7
1491,female,39,1,1,1,1,1,1,1,1,1,1,1,7,7,7,7,7,7,7,7
1492,female,34,3,2,1,1,4,3,4,4,4,4,4,5,5,5,6,7,7,7,7
1493,female,49,4,1,2,2,5,5,5,4,4,3,3,7,7,7,7,7,7,7,7
1494,female,21,2,1,1,1,3,2,1,1,3,1,3,7,7,5,7,6,6,6,7
1495,male,42,2,1,1,1,4,4,4,4,1,1,7,7,7,7,7,7,7,7,7
1496,female,50,1,1,1,1,5,5,4,3,4,4,3,7,7,6,6,5,6,5,6
1497,female,44,1,1,1,1,1,1,1,1,3,1,4,7,5,5,5,7,7,7,7
1498,male,22,2,5,1,2,2,2,2,2,5,5,4,7,7,5,7,6,7,6,6
1499,male,36,1,1,1,1,4,6,4,2,6,3,6,7,7,6,6,7,7,7,7
1500,male,46,5,5,4,4,6,6,6,6,6,6,6,4,4,4,4,4,4,3,3
1501,female,60,1,1,1,1,5,3,3,2,2,1,5,6,6,6,6,7,7,7,7
1502,female,33,3,1,2,1,1,2,1,1,4,3,4,6,6,2,6,6,7,7,6
1503,female,56,3,3,3,4,4,4,4,4,5,4,5,5,5,5,5,5,4,5,5
1504,male,23,1,1,1,1,3,2,2,3,1,1,5,5,5,3,5,2,3,2,3
1505,female,57,5,4,2,2,3,3,3,3,3,2,2,5,6,4,6,7,7,7,7
1506,female,21,2,4,1,1,2,2,2,2,6,4,3,6,6,5,6,7,7,7,7
1507,female,52,1,1,1,1,3,3,2,2,2,1,1,3,6,6,4,7,6,5,6
1508,male,37,1,1,1,1,4,4,4,4,4,2,4,5,4,1,5,7,7,7,7
1509,male,50,5,5,3,4,4,3,3,2,4,4,4,6,5,5,5,5,6,5,6
1510,female,20,3,5,3,3,3,3,3,3,6,5,5,3,5,4,6,5,4,5,5
